elapsed_s,produced,acked,send_rejects,delivery_errors,consumed,duplicates,reordered,open_gaps,parse_errors,win_p50_us,win_p99_us,win_max_us,rss_mib,producer_retries,producer_lib_errors,rebalances,consumer_restarts,wedges
10,10050,10000,0,0,10755,755,631,0,0,15907,1293799,2140462,12.5,0,0,2,0,0
20,20050,20000,0,0,20755,755,631,0,0,13278,33166,35024,12.6,0,0,2,0,0
30,30050,30000,0,0,30755,755,631,0,0,13408,28224,43289,12.7,0,0,2,0,0
40,40050,40000,0,0,40755,755,631,0,0,13553,21962,25833,12.8,0,0,2,0,0
50,50050,50050,0,0,50805,755,631,0,0,12599,23528,40524,12.8,0,0,2,0,0
60,60050,60050,0,0,60805,755,631,0,0,12401,25966,29002,12.8,0,0,2,0,0
70,70050,70050,0,0,70805,755,631,0,0,11978,25947,34993,12.8,0,0,2,0,0
80,80050,80050,0,0,80805,755,631,0,0,11497,25081,28925,12.9,0,0,2,0,0
90,90050,90050,0,0,90805,755,631,0,0,10947,20010,23805,12.9,0,0,2,0,0
100,100050,100050,0,0,100805,755,631,0,0,12935,19524,26398,12.9,0,0,2,0,0
110,110100,110050,0,0,110805,755,631,0,0,11990,21442,35861,12.9,0,0,2,0,0
120,120100,120050,0,0,120805,755,631,0,0,12891,18947,21176,12.9,0,0,2,0,0
130,130100,130050,0,0,130831,755,631,0,0,12528,18220,20379,12.9,0,0,2,0,0
140,140100,140100,0,0,140855,755,631,0,0,11480,18545,19499,12.9,0,0,2,0,0
150,150100,150100,0,0,150855,755,631,0,0,11738,19768,22224,12.9,0,0,2,0,0
160,160100,160100,0,0,160855,755,631,0,0,12286,18503,20248,10.5,0,0,2,0,0
170,170100,170100,0,0,170855,755,631,0,0,11904,18477,19557,10.5,0,0,2,0,0
180,180100,180100,0,0,180855,755,631,0,0,12242,17546,18162,10.5,0,0,2,0,0
190,190100,190100,0,0,190855,755,631,0,0,11669,17414,18438,10.5,0,0,2,0,0
200,200100,200100,0,0,200855,755,631,0,0,12199,19684,22178,10.5,0,0,2,0,0
210,210150,210100,0,0,210855,755,631,0,0,12249,17520,19136,10.5,0,0,2,0,0
220,220150,220100,0,0,220855,755,631,0,0,12255,19311,25167,10.5,0,0,2,0,0
230,230150,230150,0,0,230905,755,631,0,0,12051,16985,20763,10.5,0,0,2,0,0
240,240150,240150,0,0,240905,755,631,0,0,11766,17110,23020,10.5,0,0,2,0,0
250,250150,250150,0,0,250905,755,631,0,0,11670,16937,17589,10.5,0,0,2,0,0
260,260150,260150,0,0,260905,755,631,0,0,12014,18419,20054,10.5,0,0,2,0,0
270,270150,270150,0,0,270905,755,631,0,0,12314,16596,17490,10.5,0,0,2,0,0
280,280150,280150,0,0,280905,755,631,0,0,11879,19928,23900,10.5,0,0,2,0,0
290,290150,290150,0,0,290905,755,631,0,0,11538,16034,16422,10.5,0,0,2,0,0
300,300150,300150,0,0,300905,755,631,0,0,12413,17159,24644,10.7,0,0,2,0,0
310,310200,310150,0,0,310905,755,631,0,0,12476,17048,18297,10.8,0,0,2,0,0
320,320200,320150,0,0,320905,755,631,0,0,12066,17908,23060,10.8,0,0,2,0,0
330,330200,330200,0,0,330955,755,631,0,0,12005,18081,20292,10.8,0,0,2,0,0
340,340200,340200,0,0,340955,755,631,0,0,12531,18810,23318,10.8,0,0,2,0,0
350,350200,350200,0,0,350955,755,631,0,0,12768,17636,19506,10.8,0,0,2,0,0
360,360200,360200,0,0,360955,755,631,0,0,12183,18096,22443,10.8,0,0,2,0,0
370,370200,370200,0,0,370955,755,631,0,0,12138,16229,19448,10.8,0,0,2,0,0
380,380250,380200,0,0,380955,755,631,0,0,12481,19337,23326,10.8,0,0,2,0,0
390,390250,390200,0,0,390955,755,631,0,0,12286,17521,32260,10.8,0,0,2,0,0
400,400250,400200,0,0,400955,755,631,0,0,12207,17796,21777,10.8,0,0,2,0,0
410,410250,410250,0,0,411005,755,631,0,0,12095,16882,20738,10.8,0,0,2,0,0
420,420250,420250,0,0,421005,755,631,0,0,12172,16406,18977,10.8,0,0,2,0,0
430,430250,430250,0,0,431005,755,631,0,0,12629,17228,20406,10.8,0,0,2,0,0
440,440250,440250,0,0,441005,755,631,0,0,11789,16909,17699,10.8,0,0,2,0,0
450,450300,450250,0,0,451005,755,631,0,0,12450,19061,20782,10.8,0,0,2,0,0
460,460300,460250,0,0,461005,755,631,0,0,12723,17884,21200,10.8,0,0,2,0,0
470,470300,470300,0,0,471055,755,631,0,0,11864,17342,21543,10.8,0,0,2,0,0
480,480300,480300,0,0,481055,755,631,0,0,12861,17907,20837,10.8,0,0,2,0,0
490,490300,490300,0,0,491055,755,631,0,0,12513,16679,24291,10.8,0,0,2,0,0
500,500300,500300,0,0,501055,755,631,0,0,11836,16883,17702,10.8,0,0,2,0,0
510,510300,510300,0,0,511055,755,631,0,0,12676,18557,21928,10.8,0,0,2,0,0
520,520300,520300,0,0,521055,755,631,0,0,12935,17886,23048,10.8,0,0,2,0,0
530,530350,530300,0,0,531055,755,631,0,0,12214,17932,21173,10.8,0,0,2,0,0
540,540350,540350,0,0,541055,755,631,0,0,12330,18721,20685,10.8,0,0,2,0,0
550,550350,550300,0,0,551055,755,631,0,0,12588,17855,20600,10.8,0,0,2,0,0
560,560350,560350,0,0,561105,755,631,0,0,12508,17958,21317,10.8,0,0,2,0,0
570,570350,570350,0,0,571105,755,631,0,0,11961,19071,21043,10.8,0,0,2,0,0
580,580350,580350,0,0,581105,755,631,0,0,11954,18171,20013,10.8,0,0,2,0,0
590,590350,590350,0,0,591105,755,631,0,0,12251,17493,22680,10.8,0,0,2,0,0
600,600350,600350,0,0,601105,755,631,0,0,11783,17200,22758,10.9,0,0,2,0,0
610,610350,610350,0,0,603495,1032,1355,44,0,12373,1565442,1764694,12.4,0,0,2,0,0
620,620400,620350,0,0,603495,1032,1355,44,0,12828,22142,29985,12.4,0,0,2,0,0
630,630400,630350,0,0,603495,1032,1355,44,0,12083,19201,29973,12.4,0,0,2,0,0
640,640400,640400,0,0,641500,1165,1360,39,0,11014,16673,17356,21.6,0,0,4,0,0
650,650400,650400,0,0,651509,1165,1360,39,0,11135,16628,18960,21.6,0,0,4,0,0
660,660400,660400,0,0,661518,1165,1360,39,0,10800,17011,19467,21.6,0,0,4,0,0
670,670400,670400,0,0,671500,1165,1360,39,0,11026,17420,18123,21.6,0,0,4,0,0
680,680400,680400,0,0,681510,1165,1360,39,0,10702,17798,30106,21.6,0,0,4,0,0
690,690400,690400,0,0,691501,1165,1360,39,0,10581,16355,18379,21.6,0,0,4,0,0
700,700450,700400,0,0,701484,1165,1360,39,0,10130,15471,15894,21.6,0,0,4,0,0
710,710450,710400,0,0,711484,1165,1360,39,0,10249,15698,16016,21.6,0,0,4,0,0
720,720450,720400,0,0,721492,1165,1360,39,0,10450,16118,20832,21.6,0,0,4,0,0
730,730450,730450,0,0,731534,1165,1360,39,0,10307,16813,23444,21.6,0,0,4,0,0
740,740450,740450,0,0,741542,1165,1360,39,0,10673,16034,17081,21.2,0,0,4,0,0
750,750450,750450,0,0,751526,1165,1360,39,0,10866,19679,33229,18.2,0,0,4,0,0
760,760450,760450,0,0,761560,1165,1360,39,0,10545,16294,18434,14.1,0,0,4,0,0
770,770500,770450,0,0,771542,1165,1360,39,0,10827,16697,31800,14.1,0,0,4,0,0
780,780500,780450,0,0,781568,1165,1360,39,0,11461,16149,17926,14.1,0,0,4,0,0
790,790500,790450,0,0,791543,1165,1360,39,0,10393,17450,23634,14.1,0,0,4,0,0
800,800500,800500,0,0,801617,1165,1360,39,0,11486,16886,22819,14.1,0,0,4,0,0
810,810500,810500,0,0,811618,1165,1360,39,0,11585,16284,19221,14.1,0,0,4,0,0
820,820500,820500,0,0,821593,1165,1360,39,0,11355,17210,25662,13.8,0,0,4,0,0
830,830500,830500,0,0,831609,1165,1360,39,0,11645,16339,18097,13.8,0,0,4,0,0
840,840550,840500,0,0,841592,1165,1360,39,0,11432,17414,21140,13.8,0,0,4,0,0
850,850550,850500,0,0,851593,1165,1360,39,0,11208,15853,16645,12.1,0,0,4,0,0
860,860550,860450,0,0,861063,1472,1771,167,0,11940,1832447,2387324,13.2,0,0,4,0,0
870,870550,870550,0,0,872113,1602,2081,39,0,12464,21393,124332,13.4,0,0,6,0,0
880,880550,880550,0,0,882113,1602,2081,39,0,12313,18144,25861,13.4,0,0,6,0,0
890,890550,890550,0,0,892113,1602,2081,39,0,12707,17366,17726,13.4,0,0,6,0,0
900,900550,900550,0,0,901987,1602,2081,39,0,12181,17982,19234,12.1,0,0,6,1,0
910,910550,910550,0,0,912113,1602,2081,39,0,12991,20263,23295,12.6,0,0,5,1,0
920,920550,920550,0,0,922113,1602,2081,39,0,12760,20247,22408,12.6,0,0,5,1,0
930,930600,930550,0,0,932113,1602,2081,39,0,12267,20007,21093,12.6,0,0,5,1,0
940,940600,940550,0,0,942113,1602,2081,39,0,12879,19155,23863,12.6,0,0,5,1,0
950,950600,950600,0,0,952163,1602,2081,39,0,12202,18153,21732,12.6,0,0,5,1,0
960,960600,960600,0,0,962163,1602,2081,39,0,12333,18164,19893,12.6,0,0,5,1,0
970,970600,970600,0,0,972163,1602,2081,39,0,12585,18207,20482,12.6,0,0,5,1,0
980,980600,980600,0,0,982163,1602,2081,39,0,12589,17401,18295,12.6,0,0,5,1,0
990,990600,990600,0,0,992163,1602,2081,39,0,12632,17570,21351,12.6,0,0,5,1,0
1000,1000600,1000600,0,0,1002163,1602,2081,39,0,12242,20708,28373,12.6,0,0,5,1,0
1010,1010600,1010600,0,0,1012163,1602,2081,39,0,12237,18178,23377,12.6,0,0,5,1,0
1020,1020650,1020600,0,0,1022163,1602,2081,39,0,12123,17932,19485,12.6,0,0,5,1,0
1030,1030650,1030600,0,0,1032163,1602,2081,39,0,12151,17432,24641,12.6,0,0,5,1,0
1040,1040650,1040650,0,0,1042213,1602,2081,39,0,12214,20713,22910,11.9,0,0,5,1,0
1050,1050650,1050650,0,0,1052213,1602,2081,39,0,12607,20217,25777,11.9,0,0,5,1,0
1060,1060650,1060650,0,0,1062213,1602,2081,39,0,12513,17880,20281,11.9,0,0,5,1,0
1070,1070650,1070650,0,0,1072213,1602,2081,39,0,12531,18229,19186,11.9,0,0,5,1,0
1080,1080650,1080650,0,0,1082213,1602,2081,39,0,12268,19412,20957,11.9,0,0,5,1,0
1090,1090700,1090650,0,0,1092213,1602,2081,39,0,12347,18993,24021,11.9,0,0,5,1,0
1100,1100700,1100650,0,0,1102213,1602,2081,39,0,12428,18076,22342,11.9,0,0,5,1,0
1110,1110700,1110650,0,0,1112213,1602,2081,39,0,12916,17519,23273,11.9,0,0,5,1,0
1120,1120700,1120700,0,0,1122263,1602,2081,39,0,12379,17600,18048,11.9,0,0,5,1,0
1130,1130700,1130700,0,0,1132263,1602,2081,39,0,12417,17450,25124,11.9,0,0,5,1,0
1140,1140700,1140700,0,0,1142263,1602,2081,39,0,12904,18658,19647,11.9,0,0,5,1,0
1150,1150700,1150700,0,0,1152263,1602,2081,39,0,12474,18457,19367,11.9,0,0,5,1,0
1160,1160700,1160700,0,0,1162263,1602,2081,39,0,12391,16724,24807,11.9,0,0,5,1,0
1170,1170700,1170700,0,0,1172263,1602,2081,39,0,12814,17223,18325,11.9,0,0,5,1,0
1180,1180750,1180700,0,0,1182263,1602,2081,39,0,12151,17377,25049,11.8,0,0,5,1,0
1190,1190750,1190700,0,0,1192263,1602,2081,39,0,12855,17446,27780,11.7,0,0,5,1,0
1200,1200750,1200750,0,0,1202313,1602,2081,39,0,12707,16883,20173,11.6,0,0,5,1,0
1210,1210750,1210750,0,0,1212313,1602,2081,39,0,12505,17391,18447,11.6,0,0,5,1,0
1220,1220750,1220750,0,0,1222313,1602,2081,39,0,12977,17585,25470,11.6,0,0,5,1,0
1230,1230750,1230750,0,0,1232313,1602,2081,39,0,12153,18200,19816,11.6,0,0,5,1,0
1240,1240750,1240750,0,0,1242313,1602,2081,39,0,12704,17869,19731,11.6,0,0,5,1,0
1250,1250750,1249899,0,0,1252681,2363,2619,58,0,12140,1031526,1135180,13.0,0,0,5,1,0
1260,1260800,1260750,0,0,1266701,6006,2903,39,0,13908,3754042,5552617,13.4,0,0,5,1,0
1270,1270800,1270750,0,0,1276708,6006,2903,39,0,11769,16515,16875,13.4,0,0,5,1,0
1280,1280800,1280800,0,0,1286750,6006,2903,39,0,12830,18841,24582,13.4,0,0,5,1,0
1290,1290800,1290800,0,0,1296743,6006,2903,39,0,12734,18270,27704,13.4,0,0,5,1,0
1300,1300800,1300800,0,0,1306742,6006,2903,39,0,12129,19083,24229,13.4,0,0,5,1,0
1310,1310800,1310800,0,0,1316742,6006,2903,39,0,11947,17384,29503,13.4,0,0,5,1,0
1320,1320800,1320800,0,0,1326725,6006,2903,39,0,11895,18183,18967,13.4,0,0,5,1,0
1330,1330800,1330800,0,0,1336758,6006,2903,39,0,11974,17290,23914,13.4,0,0,5,1,0
1340,1340800,1340800,0,0,1346733,6006,2903,39,0,11652,16805,17353,13.4,0,0,5,1,0
1350,1350850,1350800,0,0,1356751,6006,2903,39,0,11756,17040,17821,13.4,0,0,5,1,0
1360,1360850,1360800,0,0,1366751,6006,2903,39,0,12121,19214,23856,13.3,0,0,5,1,0
1370,1370850,1370850,0,0,1376809,6006,2903,39,0,12098,19476,29787,13.1,0,0,5,1,0
1380,1380850,1380850,0,0,1386808,6006,2903,39,0,12297,17518,24380,13.1,0,0,5,1,0
1390,1390850,1390850,0,0,1396784,6006,2903,39,0,11790,17186,17410,12.8,0,0,5,1,0
1400,1400850,1400850,0,0,1406800,6006,2903,39,0,12017,17665,26966,12.8,0,0,5,1,0
1410,1410850,1410850,0,0,1416775,6006,2903,39,0,11849,17167,19586,12.4,0,0,5,1,0
1420,1420850,1420850,0,0,1426792,6006,2903,39,0,11255,17249,25201,12.4,0,0,5,1,0
1430,1430900,1430850,0,0,1436808,6006,2903,39,0,12264,17259,18622,12.4,0,0,5,1,0
1440,1440900,1440850,0,0,1446792,6006,2903,39,0,11751,16581,18792,12.4,0,0,5,1,0
1450,1450900,1450850,0,0,1456825,6006,2903,39,0,12101,16191,17434,12.2,0,0,5,1,0
1460,1460900,1460900,0,0,1466843,6006,2903,39,0,12145,17201,19420,12.3,0,0,5,1,0
1470,1470900,1470900,0,0,1476850,6006,2903,39,0,11806,16869,17044,12.3,0,0,5,1,0
1480,1480900,1480900,0,0,1486859,6006,2903,39,0,11683,17152,19838,12.3,0,0,5,1,0
1490,1490950,1490900,0,0,1496859,6006,2903,39,0,12096,16801,29522,12.3,0,0,5,1,0
1500,1500950,1500900,0,0,1506842,6006,2903,39,0,12247,19410,26504,12.0,0,0,5,1,0
1510,1510950,1510950,0,0,1516909,6006,2903,39,0,11680,21108,25718,12.0,0,0,5,1,0
1520,1520950,1520950,0,0,1526883,6006,2903,39,0,11962,18420,18912,12.0,0,0,5,1,0
1530,1530950,1530950,0,0,1536884,6006,2903,39,0,12109,17562,28709,12.0,0,0,5,1,0
1541,1540950,1540950,0,0,1546909,6006,2903,39,0,12016,17443,18424,12.0,0,0,5,1,0
1551,1550950,1550950,0,0,1556900,6006,2903,39,0,11496,17799,24513,12.1,0,0,5,1,0
1561,1561000,1560950,0,0,1568053,7142,3756,39,0,13010,1709703,1913758,13.2,0,0,5,1,0
1571,1571000,1570950,0,0,1578053,7142,3756,39,0,12719,19044,20565,13.2,0,0,5,1,0
1581,1581000,1580950,0,0,1588053,7142,3756,39,0,12282,19262,26187,13.2,0,0,5,1,0
1591,1591000,1591000,0,0,1598103,7142,3756,39,0,12278,18610,27496,13.2,0,0,5,1,0
1601,1601000,1601000,0,0,1608103,7142,3756,39,0,12258,18947,28547,13.2,0,0,5,1,0
1611,1611000,1611000,0,0,1618103,7142,3756,39,0,12312,17984,21095,13.2,0,0,5,1,0
1621,1621000,1621000,0,0,1628103,7142,3756,39,0,12209,19950,25303,13.2,0,0,5,1,0
1631,1631000,1631000,0,0,1638103,7142,3756,39,0,12083,17551,19555,13.2,0,0,5,1,0
1641,1641050,1641000,0,0,1648103,7142,3756,39,0,12213,18730,25528,13.2,0,0,5,1,0
1651,1651050,1651000,0,0,1658103,7142,3756,39,0,12853,17826,19518,13.2,0,0,5,1,0
1661,1661050,1661050,0,0,1668103,7142,3756,39,0,12383,20271,25138,13.2,0,0,5,1,0
1671,1671050,1671050,0,0,1678153,7142,3756,39,0,12772,18083,22387,13.2,0,0,5,1,0
1681,1681050,1681050,0,0,1688153,7142,3756,39,0,12415,18338,19910,13.2,0,0,5,1,0
1691,1691050,1691050,0,0,1698153,7142,3756,39,0,12191,18908,25672,13.2,0,0,5,1,0
1701,1701050,1701050,0,0,1708153,7142,3756,39,0,12602,18111,19438,13.2,0,0,5,1,0
1711,1711050,1711050,0,0,1718153,7142,3756,39,0,12035,16972,25509,13.2,0,0,5,1,0
1721,1721050,1721050,0,0,1728153,7142,3756,39,0,12262,17607,18729,13.2,0,0,5,1,0
1731,1731100,1731050,0,0,1738153,7142,3756,39,0,12066,19331,19670,13.2,0,0,5,1,0
1741,1741100,1741050,0,0,1748153,7142,3756,39,0,12595,17975,22006,13.0,0,0,5,1,0
1751,1751100,1751100,0,0,1758203,7142,3756,39,0,13062,19683,23984,13.0,0,0,5,1,0
1761,1761100,1761100,0,0,1768203,7142,3756,39,0,12432,17354,18420,13.1,0,0,5,1,0
1771,1771100,1771100,0,0,1778203,7142,3756,39,0,12635,18206,26558,13.1,0,0,5,1,0
1781,1781100,1781100,0,0,1788203,7142,3756,39,0,12819,19385,23728,13.1,0,0,5,1,0
1791,1791100,1791100,0,0,1798203,7142,3756,39,0,12652,17897,18110,13.1,0,0,5,1,0
1801,1801100,1801100,0,0,1807853,7142,3756,39,0,11661,19246,20774,13.1,0,0,5,2,0
1811,1811100,1811100,0,0,1818203,7142,3756,39,0,12180,18483,20462,13.8,0,0,3,2,0
1821,1821100,1821100,0,0,1828203,7142,3756,39,0,12527,19179,24810,13.8,0,0,3,2,0
1831,1831150,1831100,0,0,1838203,7142,3756,39,0,12743,18372,22968,13.2,0,0,3,2,0
1841,1841150,1841100,0,0,1848203,7142,3756,39,0,12988,18721,27205,13.2,0,0,3,2,0
1851,1851150,1851150,0,0,1858253,7142,3756,39,0,12733,17026,18988,13.2,0,0,3,2,0
1861,1861150,1861150,0,0,1868253,7142,3756,39,0,12343,19188,25522,13.2,0,0,3,2,0
1871,1871150,1871150,0,0,1878253,7142,3756,39,0,12684,18057,22709,13.2,0,0,3,2,0
1881,1881150,1881150,0,0,1888253,7142,3756,39,0,12685,21096,24643,13.2,0,0,3,2,0
1891,1891150,1891150,0,0,1898253,7142,3756,39,0,12864,16976,19924,13.1,0,0,3,2,0
1901,1901150,1901150,0,0,1907361,7342,3830,39,0,12473,551375,2469740,13.4,0,0,3,2,0
1911,1911200,1911200,0,0,1912378,7342,3830,39,0,11616,20728,28282,13.5,0,0,3,2,0
1921,1921200,1921200,0,0,1917387,7342,3830,39,0,13173,18754,22758,13.4,0,0,3,2,0
1931,1931200,1931200,0,0,1922386,7342,3830,39,0,12466,17954,23251,13.4,0,0,3,2,0
1941,1941200,1941200,0,0,1927370,7342,3830,39,0,12659,18191,20692,13.4,0,0,3,2,0
1951,1951200,1951200,0,0,1958514,7385,3830,39,0,12447,23465,29352,17.6,0,0,5,2,0
1961,1961200,1961200,0,0,1968504,7385,3830,39,0,12486,18239,22838,17.6,0,0,5,2,0
1971,1971200,1971200,0,0,1978530,7385,3830,39,0,11953,18779,32717,17.6,0,0,5,2,0
1981,1981250,1981200,0,0,1988512,7385,3830,39,0,12518,19434,24584,16.9,0,0,5,2,0
1991,1991250,1991250,0,0,1998545,7385,3830,39,0,12089,18461,23587,16.8,0,0,5,2,0
2001,2001250,2001250,0,0,2008571,7385,3830,39,0,12073,17574,27189,16.8,0,0,5,2,0
2011,2011250,2011250,0,0,2018587,7385,3830,39,0,12791,18308,26880,16.8,0,0,5,2,0
2021,2021250,2021250,0,0,2028554,7385,3830,39,0,12910,17960,24929,13.2,0,0,5,2,0
2031,2031250,2031250,0,0,2038587,7385,3830,39,0,13261,19092,32913,13.2,0,0,5,2,0
2041,2041300,2041250,0,0,2048570,7385,3830,39,0,12860,17810,20357,12.6,0,0,5,2,0
2051,2051300,2051250,0,0,2058588,7385,3830,39,0,12978,17244,22923,12.4,0,0,5,2,0
2061,2061300,2061300,0,0,2068621,7385,3830,39,0,12404,21030,24284,12.4,0,0,5,2,0
2071,2071300,2071300,0,0,2078629,7385,3830,39,0,11849,17736,24326,11.3,0,0,5,2,0
2081,2081300,2081300,0,0,2088604,7385,3830,39,0,12895,18837,28660,11.3,0,0,5,2,0
2091,2091300,2091300,0,0,2098613,7385,3830,39,0,11932,17656,18711,11.3,0,0,5,2,0
2101,2101300,2101300,0,0,2108597,7385,3830,39,0,12759,20790,25570,11.3,0,0,5,2,0
2111,2111350,2111300,0,0,2118595,7385,3830,39,0,13058,16897,22020,11.3,0,0,5,2,0
2121,2121350,2121300,0,0,2128638,7385,3830,39,0,12257,16666,22408,11.3,0,0,5,2,0
2131,2131350,2131350,0,0,2138671,7385,3830,39,0,12688,17213,24993,11.3,0,0,5,2,0
2141,2141350,2141350,0,0,2148688,7385,3830,39,0,12817,17349,18211,11.3,0,0,5,2,0
2151,2151350,2151150,0,0,2158554,7385,3830,39,0,12348,17297,17827,11.8,0,0,5,2,0
2161,2161350,2161350,0,0,2169437,8126,5065,39,0,13189,2567848,2929938,13.1,0,0,7,2,0
2171,2171350,2171350,0,0,2179437,8126,5065,39,0,13237,25048,26101,13.1,0,0,7,2,0
2181,2181350,2181350,0,0,2189437,8126,5065,39,0,13681,18978,19644,13.1,0,0,7,2,0
2191,2191350,2191350,0,0,2199437,8126,5065,39,0,12996,18414,24047,13.1,0,0,7,2,0
2201,2201400,2201350,0,0,2209437,8126,5065,39,0,13233,18637,20124,13.1,0,0,7,2,0
2211,2211400,2211350,0,0,2219437,8126,5065,39,0,13392,19630,21282,13.2,0,0,7,2,0
2221,2221400,2221350,0,0,2229437,8126,5065,39,0,12498,20572,28689,13.2,0,0,7,2,0
2231,2231400,2231400,0,0,2239487,8126,5065,39,0,13605,20395,23042,13.1,0,0,7,2,0
2241,2241400,2241400,0,0,2249487,8126,5065,39,0,13685,20148,26307,13.1,0,0,7,2,0
2251,2251400,2251400,0,0,2259487,8126,5065,39,0,13697,20385,29203,12.1,0,0,7,2,0
2261,2261400,2261400,0,0,2269487,8126,5065,39,0,13708,22574,29973,12.1,0,0,7,2,0
2271,2271442,2271400,0,0,2279487,8126,5065,39,0,13922,18451,23239,12.1,0,0,7,2,0
2281,2281450,2281400,0,0,2289487,8126,5065,39,0,13477,19185,20161,12.0,0,0,7,2,0
2291,2291450,2291400,0,0,2299487,8126,5065,39,0,13147,20974,28886,12.0,0,0,7,2,0
2301,2301450,2301450,0,0,2309537,8126,5065,39,0,13430,17482,22461,12.0,0,0,7,2,0
2311,2311450,2311450,0,0,2319537,8126,5065,39,0,12873,17571,23271,12.0,0,0,7,2,0
2321,2321450,2321450,0,0,2329537,8126,5065,39,0,13009,19336,23268,11.9,0,0,7,2,0
2331,2331450,2331450,0,0,2339537,8126,5065,39,0,12929,20092,31740,11.9,0,0,7,2,0
2341,2341450,2341450,0,0,2349537,8126,5065,39,0,13509,17815,20675,11.9,0,0,7,2,0
2351,2351500,2351450,0,0,2359537,8126,5065,39,0,13302,19993,24035,11.9,0,0,7,2,0
2361,2361500,2361450,0,0,2369537,8126,5065,39,0,13178,18229,24021,11.9,0,0,7,2,0
2371,2371500,2371500,0,0,2379587,8126,5065,39,0,12755,18544,22682,11.9,0,0,7,2,0
2381,2381500,2381500,0,0,2389587,8126,5065,39,0,12627,21714,26850,11.9,0,0,7,2,0
2391,2391500,2391500,0,0,2399587,8126,5065,39,0,12915,18111,20563,11.9,0,0,7,2,0
2401,2401500,2401500,0,0,2409587,8126,5065,39,0,13377,20398,26354,11.9,0,0,7,2,0
2411,2411500,2411500,0,0,2419587,8126,5065,39,0,13382,18379,18846,11.9,0,0,7,2,0
2421,2421500,2421500,0,0,2429587,8126,5065,39,0,12779,19037,27412,11.9,0,0,7,2,0
2431,2431550,2431500,0,0,2439587,8126,5065,39,0,12764,17689,23349,11.9,0,0,7,2,0
2441,2441550,2441550,0,0,2449637,8126,5065,39,0,12832,19750,20827,11.8,0,0,7,2,0
2451,2451550,2451550,0,0,2459637,8126,5065,39,0,12930,17569,27285,11.9,0,0,7,2,0
2461,2461550,2461550,0,0,2469637,8126,5065,39,0,12587,17010,17342,11.9,0,0,7,2,0
2471,2471550,2471550,0,0,2479637,8126,5065,39,0,13221,18541,22582,11.8,0,0,7,2,0
2481,2481550,2481550,0,0,2489637,8126,5065,39,0,13338,17570,22891,11.8,0,0,7,2,0
2491,2491600,2491550,0,0,2499637,8126,5065,39,0,13445,17782,21511,11.8,0,0,7,2,0
2501,2501600,2501553,0,0,2509663,8126,5065,39,0,12775,16683,16926,11.8,0,0,7,2,0
2511,2511600,2511600,0,0,2519687,8126,5065,39,0,13205,18484,24639,11.8,0,0,7,2,0
2521,2521600,2521600,0,0,2529687,8126,5065,39,0,12284,16756,18077,11.8,0,0,7,2,0
2531,2531600,2531600,0,0,2539687,8126,5065,39,0,12728,19557,22159,11.8,0,0,7,2,0
2541,2541600,2541600,0,0,2549687,8126,5065,39,0,13766,17600,19815,11.8,0,0,7,2,0
2551,2551600,2551600,0,0,2559670,8126,5065,39,0,12362,440395,529768,12.5,0,0,7,2,0
2561,2561650,2561600,0,0,2569662,8126,5065,39,0,11781,16059,17047,12.4,0,0,7,2,0
2571,2571650,2571600,0,0,2579671,8126,5065,39,0,12508,17835,24847,12.4,0,0,7,2,0
2581,2581650,2581650,0,0,2589720,8126,5065,39,0,12691,17233,27621,12.5,0,0,7,2,0
2591,2591650,2591650,0,0,2599695,8126,5065,39,0,12040,18861,23172,12.5,0,0,7,2,0
2601,2601650,2601650,0,0,2609712,8126,5065,39,0,12140,17616,36754,11.9,0,0,7,2,0
2611,2611650,2611650,0,0,2619729,8126,5065,39,0,11845,17394,19037,11.8,0,0,7,2,0
2621,2621650,2621650,0,0,2629704,8126,5065,39,0,11589,18096,19529,11.8,0,0,7,2,0
2631,2631700,2631650,0,0,2639721,8126,5065,39,0,10895,17208,19378,11.8,0,0,7,2,0
2641,2641700,2641650,0,0,2649704,8126,5065,39,0,11735,17408,21616,11.8,0,0,7,2,0
2651,2651700,2651700,0,0,2659729,8126,5065,39,0,11604,16786,20438,11.7,0,0,7,2,0
2661,2661700,2661700,0,0,2669770,8126,5065,39,0,11302,16584,20433,11.7,0,0,7,2,0
2671,2671700,2671700,0,0,2679771,8126,5065,39,0,12255,18089,25921,11.7,0,0,7,2,0
2681,2681700,2681700,0,0,2689754,8126,5065,39,0,11954,17006,18075,11.7,0,0,7,2,0
2691,2691700,2691700,0,0,2699737,8126,5065,39,0,11186,19284,20449,11.7,0,0,7,2,0
2701,2701700,2701700,0,0,2709179,8126,5065,39,0,11865,16960,18582,11.8,0,0,7,3,0
2711,2711750,2711700,0,0,2719754,8126,5065,39,0,11535,16245,18470,12.4,0,0,5,3,0
2721,2721750,2721700,0,0,2729745,8126,5065,39,0,11491,16998,26607,12.3,0,0,5,3,0
2731,2731750,2731750,0,0,2739803,8126,5065,39,0,11760,19603,22774,12.3,0,0,5,3,0
2741,2741750,2741750,0,0,2749804,8126,5065,39,0,11767,16568,17730,12.3,0,0,5,3,0
2751,2751750,2751150,0,0,2759295,8126,5065,39,0,11359,22095,24842,12.6,0,0,5,3,0
2761,2761750,2761750,0,0,2772733,11069,6059,86,0,14049,3404548,4455775,14.1,0,0,5,3,0
2771,2771750,2771750,0,0,2782733,11069,6059,86,0,12614,18036,19433,14.1,0,0,5,3,0
2781,2781791,2781750,0,0,2792733,11069,6059,86,0,12820,18824,21793,14.1,0,0,5,3,0
2791,2791800,2791750,0,0,2802733,11069,6059,86,0,12177,17808,28083,14.1,0,0,5,3,0
2801,2801800,2801800,0,0,2812783,11069,6059,86,0,12832,18070,20410,14.1,0,0,5,3,0
2811,2811800,2811800,0,0,2822783,11069,6059,86,0,12611,20585,26458,14.1,0,0,5,3,0
2821,2821800,2821800,0,0,2832783,11069,6059,86,0,11990,16853,21374,14.1,0,0,5,3,0
2831,2831800,2831800,0,0,2842783,11069,6059,86,0,12616,20644,25834,13.7,0,0,5,3,0
2841,2841800,2841800,0,0,2852783,11069,6059,86,0,12784,18012,21016,13.7,0,0,5,3,0
2851,2851850,2851800,0,0,2862783,11069,6059,86,0,12430,17324,17695,13.6,0,0,5,3,0
2861,2861850,2861800,0,0,2872783,11069,6059,86,0,12414,19324,24405,13.6,0,0,5,3,0
2871,2871850,2871850,0,0,2882833,11069,6059,86,0,13232,17123,18660,13.6,0,0,5,3,0
2881,2881850,2881850,0,0,2892833,11069,6059,86,0,12488,17143,24196,13.6,0,0,5,3,0
2891,2891850,2891850,0,0,2902833,11069,6059,86,0,11954,16721,17303,13.6,0,0,5,3,0
2901,2901850,2901850,0,0,2912833,11069,6059,86,0,12726,18563,20520,13.4,0,0,5,3,0
2911,2911850,2911850,0,0,2922833,11069,6059,86,0,12865,17463,18522,12.9,0,0,5,3,0
2921,2921900,2921850,0,0,2932833,11069,6059,86,0,12240,17801,18962,12.9,0,0,5,3,0
2931,2931900,2931850,0,0,2942833,11069,6059,86,0,12844,17245,18427,12.9,0,0,5,3,0
2941,2941900,2941900,0,0,2952883,11069,6059,86,0,13068,18165,26483,12.8,0,0,5,3,0
2951,2951900,2951900,0,0,2962883,11069,6059,86,0,12541,17414,20457,12.7,0,0,5,3,0
2961,2961900,2961900,0,0,2972883,11069,6059,86,0,12442,18058,24598,12.7,0,0,5,3,0
2971,2971900,2971900,0,0,2982883,11069,6059,86,0,13011,16727,17393,12.7,0,0,5,3,0
2981,2981900,2981900,0,0,2992883,11069,6059,86,0,12227,17581,19453,12.7,0,0,5,3,0
2991,2991950,2991900,0,0,3002883,11069,6059,86,0,12465,16696,17049,12.1,0,0,5,3,0
3001,3001950,3001950,0,0,3012933,11069,6059,86,0,12540,20483,24114,12.1,0,0,5,3,0
3011,3011950,3011950,0,0,3022933,11069,6059,86,0,12693,16677,17461,12.0,0,0,5,3,0
3021,3021950,3021950,0,0,3032933,11069,6059,86,0,11897,19737,26553,12.0,0,0,5,3,0
3032,3031950,3031950,0,0,3042933,11069,6059,86,0,12068,17656,20816,12.0,0,0,5,3,0
3042,3041950,3041950,0,0,3052933,11069,6059,86,0,12928,17897,28000,12.0,0,0,5,3,0
3052,3052000,3051950,0,0,3062933,11069,6059,86,0,12526,17538,20123,12.2,0,0,5,3,0
3062,3062000,3061950,0,0,3072933,11069,6059,86,0,11808,17561,21149,12.2,0,0,5,3,0
3072,3072000,3072000,0,0,3082983,11069,6059,86,0,12889,18270,22813,12.2,0,0,5,3,0
3082,3082000,3082000,0,0,3092983,11069,6059,86,0,12732,17032,25510,12.2,0,0,5,3,0
3092,3092000,3092000,0,0,3102983,11069,6059,86,0,12316,19742,27592,11.9,0,0,5,3,0
3102,3102000,3102000,0,0,3112983,11069,6059,86,0,12692,16827,17381,11.9,0,0,5,3,0
3112,3112000,3112000,0,0,3122983,11069,6059,86,0,12910,18234,22047,11.9,0,0,5,3,0
3122,3122000,3122000,0,0,3132983,11069,6059,86,0,12441,18172,26801,11.9,0,0,5,3,0
3132,3132000,3132000,0,0,3142983,11069,6059,86,0,12675,17645,24353,11.9,0,0,5,3,0
3142,3142045,3142000,0,0,3152983,11069,6059,86,0,12890,16994,17192,11.2,0,0,5,3,0
3152,3152050,3152000,0,0,3162983,11069,6059,86,0,12497,17169,26106,11.2,0,0,5,3,0
3162,3162050,3162050,0,0,3173033,11069,6059,86,0,12320,18480,30937,11.2,0,0,5,3,0
3172,3172050,3172050,0,0,3183033,11069,6059,86,0,12885,17291,17674,11.3,0,0,5,3,0
3182,3182050,3182050,0,0,3193033,11069,6059,86,0,12389,17743,26195,11.3,0,0,5,3,0
3192,3192050,3192050,0,0,3203033,11069,6059,86,0,12844,17672,20878,11.3,0,0,5,3,0
3202,3202050,3202050,0,0,3209558,11201,6406,152,0,11535,503843,909443,12.0,0,0,5,3,0
3212,3212100,3212050,0,0,3214548,11201,6406,152,0,12473,17171,17641,12.0,0,0,5,3,0
3222,3222100,3222050,0,0,3219557,11201,6406,152,0,12842,17549,24645,12.0,0,0,5,3,0
3232,3232100,3232100,0,0,3224574,11201,6406,152,0,12931,20419,23282,12.0,0,0,5,3,0
3242,3242100,3242100,0,0,3229583,11201,6406,152,0,13069,16796,17609,12.1,0,0,5,3,0
3252,3252100,3252100,0,0,3263246,11266,6505,86,0,11617,25240,37421,16.8,0,0,7,3,0
3262,3262100,3262100,0,0,3273264,11266,6505,86,0,11799,17851,19448,16.7,0,0,7,3,0
3272,3272100,3272100,0,0,3283263,11266,6505,86,0,11865,17990,22492,16.7,0,0,7,3,0
3282,3282150,3282100,0,0,3293247,11266,6505,86,0,11352,16935,17861,14.7,0,0,7,3,0
3292,3292150,3292100,0,0,3303288,11266,6505,86,0,10956,17579,19396,14.7,0,0,7,3,0
3302,3302150,3302150,0,0,3313305,11266,6505,86,0,11340,16419,18265,14.7,0,0,7,3,0
3312,3312150,3312150,0,0,3323313,11266,6505,86,0,11305,16972,18921,14.6,0,0,7,3,0
3322,3322150,3322150,0,0,3333305,11266,6505,86,0,11187,18183,18985,14.6,0,0,7,3,0
3332,3332150,3332150,0,0,3343296,11266,6505,86,0,11881,20506,25489,12.1,0,0,7,3,0
3342,3342150,3342150,0,0,3353322,11266,6505,86,0,11547,19883,29250,11.9,0,0,7,3,0
3352,3352150,3351150,0,0,3362430,11266,6513,128,0,11029,18106,33664,12.2,0,0,7,3,0
3362,3362200,3362150,0,0,3374528,12464,7199,86,0,13383,1971200,3921579,13.3,0,0,9,3,0
3372,3372200,3372200,0,0,3384578,12464,7199,86,0,12285,20648,26616,13.3,0,0,9,3,0
3382,3382200,3382200,0,0,3394578,12464,7199,86,0,12826,18141,30993,13.3,0,0,9,3,0
3392,3392200,3392200,0,0,3405092,12986,8081,94,0,12980,1005288,1062499,13.3,0,0,9,3,0
3402,3402200,3402200,0,0,3415092,12986,8081,94,0,12010,19149,21247,13.3,0,0,9,3,0
3412,3412200,3412200,0,0,3425092,12986,8081,94,0,12117,17472,25760,13.3,0,0,9,3,0
3422,3422250,3422200,0,0,3435092,12986,8081,94,0,12082,18553,21765,13.3,0,0,9,3,0
3432,3432250,3432200,0,0,3445092,12986,8081,94,0,12472,17673,26294,12.6,0,0,9,3,0
3442,3442250,3442250,0,0,3455142,12986,8912,94,0,12753,943731,1050711,12.9,0,0,9,3,0
3452,3452250,3452250,0,0,3465142,12986,8912,94,0,12097,17497,19353,12.9,0,0,9,3,0
3462,3462250,3462250,0,0,3475142,12986,8912,94,0,12535,23039,33163,12.9,0,0,9,3,0
3472,3472250,3472250,0,0,3485142,12986,8912,94,0,12983,17483,20246,12.9,0,0,9,3,0
3482,3482250,3482250,0,0,3495142,12986,8912,94,0,12024,19554,31329,12.9,0,0,9,3,0
3492,3492257,3492250,0,0,3505142,12986,8912,94,0,12254,17595,25177,12.9,0,0,9,3,0
3502,3502300,3502250,0,0,3515142,12986,8912,94,0,12718,18557,28087,12.9,0,0,9,3,0
3512,3512300,3512300,0,0,3525192,12986,8912,94,0,12690,19240,20131,11.2,0,0,9,3,0
3522,3522300,3522300,0,0,3535192,12986,8912,94,0,11864,17734,22358,11.2,0,0,9,3,0
3532,3532300,3532300,0,0,3545192,12986,8912,94,0,12404,17299,17775,11.2,0,0,9,3,0
3542,3542300,3542300,0,0,3555192,12986,8912,94,0,11410,17261,28352,11.0,0,0,9,3,0
3552,3552300,3552300,0,0,3565192,12986,8912,94,0,11340,16323,31471,10.9,0,0,9,3,0
3562,3562300,3562300,0,0,3575192,12986,8912,94,0,12548,17365,22015,10.9,0,0,9,3,0
3572,3572300,3572300,0,0,3585192,12986,8912,94,0,12582,20540,32167,10.9,0,0,9,3,0
3582,3582300,3582300,0,0,3595192,12986,8912,94,0,12129,16756,18136,10.9,0,0,9,3,0
3592,3592350,3592300,0,0,3605192,12986,8912,94,0,12418,18145,22959,10.9,0,0,9,3,0
3602,3602350,3602300,0,0,3615192,12986,8912,94,0,12870,18173,23785,11.7,0,0,4,4,0
3612,3612350,3612348,0,0,3625192,12986,8912,94,0,12120,18354,22298,11.9,0,0,5,4,0
3622,3622350,3622350,0,0,3635242,12986,8912,94,0,12098,18268,18843,11.9,0,0,5,4,0
3632,3632350,3632350,0,0,3645242,12986,8912,94,0,12503,18202,29748,11.9,0,0,5,4,0
3642,3642350,3642350,0,0,3655242,12986,8912,94,0,12699,18211,21138,11.9,0,0,5,4,0
3652,3652350,3652350,0,0,3665242,12986,8912,94,0,11977,17887,18751,11.9,0,0,5,4,0
3662,3662350,3662350,0,0,3675242,12986,8912,94,0,12585,18010,24418,11.9,0,0,5,4,0
3672,3672350,3672350,0,0,3685242,12986,8912,94,0,12033,16883,22003,11.6,0,0,5,4,0
3682,3682400,3682350,0,0,3695242,12986,8912,94,0,12430,18234,22233,11.6,0,0,5,4,0
3692,3692400,3692400,0,0,3705292,12986,8912,94,0,12450,18040,24814,11.6,0,0,5,4,0
3702,3702400,3702400,0,0,3715292,12986,8912,94,0,12920,18039,22835,11.5,0,0,5,4,0
3712,3712400,3712400,0,0,3725292,12986,8912,94,0,12261,17288,18278,11.5,0,0,5,4,0
3722,3722400,3722400,0,0,3735292,12986,8912,94,0,12623,17972,25115,11.5,0,0,5,4,0
3732,3732400,3732400,0,0,3745292,12986,8912,94,0,13123,17721,19222,11.5,0,0,5,4,0
3742,3742400,3742400,0,0,3755292,12986,8912,94,0,12166,20840,27784,10.9,0,0,5,4,0
3752,3752400,3752400,0,0,3765292,12986,8912,94,0,12225,17280,20708,10.9,0,0,5,4,0
3762,3762450,3762400,0,0,3775292,12986,8912,94,0,13032,19995,25264,10.9,0,0,5,4,0
3772,3772450,3772400,0,0,3785292,12986,8912,94,0,12317,18363,19246,10.9,0,0,5,4,0
3782,3782450,3782450,0,0,3795342,12986,8912,94,0,11919,20100,34909,10.9,0,0,5,4,0
3792,3792450,3792450,0,0,3805342,12986,8912,94,0,13021,17805,18304,10.9,0,0,5,4,0
3802,3802450,3802450,0,0,3815342,12986,8912,94,0,12667,18385,19081,10.9,0,0,5,4,0
3812,3812450,3812450,0,0,3825342,12986,8912,94,0,12214,17490,19620,10.8,0,0,5,4,0
3822,3822450,3822450,0,0,3835342,12986,8912,94,0,12522,19231,20058,10.8,0,0,5,4,0
3832,3832500,3832450,0,0,3845342,12986,8912,94,0,12790,17295,17651,10.8,0,0,5,4,0
3842,3842500,3842450,0,0,3855342,12986,8912,94,0,11984,19315,22432,10.8,0,0,5,4,0
3852,3852500,3852450,0,0,3865392,13036,8962,94,0,11675,18723,154124,11.1,0,0,5,4,0
3862,3862500,3862450,0,0,3875367,13036,8962,94,0,12698,17474,33481,11.0,0,0,5,4,0
3872,3872500,3872500,0,0,3885417,13036,8962,94,0,12863,18425,19177,11.0,0,0,5,4,0
3882,3882500,3882500,0,0,3895425,13036,8962,94,0,13103,18300,28255,11.1,0,0,5,4,0
3892,3892500,3892500,0,0,3905434,13036,8962,94,0,12848,16812,19171,11.1,0,0,5,4,0
3902,3902500,3902500,0,0,3915408,13036,8962,94,0,11650,20206,25567,11.1,0,0,5,4,0
3912,3912550,3912500,0,0,3925426,13036,8962,94,0,11402,17930,22148,11.1,0,0,5,4,0
3922,3922550,3922500,0,0,3935401,13036,8962,94,0,11221,17172,17863,11.0,0,0,5,4,0
3932,3932550,3932550,0,0,3945451,13036,8962,94,0,11667,18392,27297,11.0,0,0,5,4,0
3942,3942550,3942550,0,0,3955475,13036,8962,94,0,11355,17387,25771,11.0,0,0,5,4,0
3952,3952550,3952550,0,0,3965476,13036,8962,94,0,11887,17972,27339,11.0,0,0,5,4,0
3962,3962550,3962550,0,0,3975467,13036,8962,94,0,11148,20436,22269,11.0,0,0,5,4,0
3972,3972550,3972550,0,0,3985449,13036,8962,94,0,12232,19709,22402,11.0,0,0,5,4,0
3982,3982550,3982550,0,0,3995476,13036,8962,94,0,11580,17066,19314,11.0,0,0,5,4,0
3992,3992550,3992550,0,0,4005467,13036,8962,94,0,11618,17826,23528,11.0,0,0,5,4,0
4002,4002600,4002550,0,0,4015450,13036,8962,94,0,11763,17800,23442,11.0,0,0,5,4,0
4012,4012600,4012550,0,0,4025467,13036,8962,94,0,10935,17226,20753,11.0,0,0,5,4,0
4022,4022600,4022550,0,0,4035517,13036,8962,94,0,11303,16269,18641,11.0,0,0,5,4,0
4032,4032600,4032600,0,0,4045525,13036,8962,94,0,11723,17352,19702,11.0,0,0,5,4,0
4042,4042600,4042600,0,0,4056008,13502,9634,94,0,13057,1974479,2819825,13.5,0,0,5,4,0
4052,4052600,4052600,0,0,4066008,13502,9634,94,0,12619,19749,22926,13.4,0,0,5,4,0
4062,4062600,4062600,0,0,4075966,13502,9634,94,0,12990,23374,36326,13.0,0,0,5,4,0
4072,4072600,4072600,0,0,4086008,13502,9634,94,0,13181,18515,32965,12.7,0,0,5,4,0
4082,4082643,4082600,0,0,4096008,13502,9634,94,0,13027,19581,20833,12.7,0,0,5,4,0
4092,4092650,4092600,0,0,4106008,13502,9634,94,0,12427,18008,20285,12.7,0,0,5,4,0
4102,4102650,4102600,0,0,4116008,13502,9634,94,0,13037,17647,17836,12.4,0,0,5,4,0
4112,4112650,4112650,0,0,4126058,13502,9634,94,0,12588,17641,18143,12.4,0,0,5,4,0
4122,4122650,4122650,0,0,4136058,13502,9634,94,0,12780,17220,18140,12.4,0,0,5,4,0
4132,4132650,4132650,0,0,4146058,13502,9634,94,0,13415,17674,25668,12.4,0,0,5,4,0
4142,4142650,4142650,0,0,4156058,13502,9634,94,0,12948,19263,24982,12.4,0,0,5,4,0
4152,4152650,4152650,0,0,4166058,13502,9634,94,0,12521,17243,18035,12.4,0,0,5,4,0
4162,4162650,4162650,0,0,4176058,13502,9634,94,0,13014,17649,19495,12.4,0,0,5,4,0
4172,4172700,4172650,0,0,4186058,13502,9634,94,0,12834,17849,18322,12.4,0,0,5,4,0
4182,4182700,4182650,0,0,4196058,13502,9634,94,0,12866,17549,18886,11.8,0,0,5,4,0
4192,4192700,4192700,0,0,4206108,13502,9634,94,0,12851,17217,21167,11.8,0,0,5,4,0
4202,4202700,4202700,0,0,4216108,13502,9634,94,0,12700,17888,32540,11.7,0,0,5,4,0
4212,4212700,4212700,0,0,4226108,13502,9634,94,0,12855,17393,30736,11.7,0,0,5,4,0
4222,4222700,4222700,0,0,4236108,13502,9634,94,0,12793,18530,29390,11.7,0,0,5,4,0
4232,4232700,4232700,0,0,4246108,13502,9634,94,0,13168,18855,23166,11.7,0,0,5,4,0
4242,4242700,4242700,0,0,4256108,13502,9634,94,0,12920,17332,25857,11.7,0,0,5,4,0
4252,4252750,4252700,0,0,4266108,13502,9634,94,0,12196,17377,24558,11.7,0,0,5,4,0
4262,4262750,4262700,0,0,4276108,13502,9634,94,0,12954,17515,18327,11.7,0,0,5,4,0
4272,4272750,4272700,0,0,4286108,13502,9634,94,0,12649,17674,25615,11.7,0,0,5,4,0
4282,4282750,4282750,0,0,4296158,13502,9634,94,0,13026,17091,21139,11.7,0,0,5,4,0
4292,4292750,4292750,0,0,4306158,13502,9634,94,0,12824,17271,18401,10.9,0,0,5,4,0
4302,4302750,4302750,0,0,4316158,13502,9634,94,0,12995,17173,17606,10.7,0,0,5,4,0
4312,4312750,4312750,0,0,4326158,13502,9634,94,0,12698,17690,22319,10.7,0,0,5,4,0
4322,4322788,4322750,0,0,4336158,13502,9634,94,0,12535,17067,17964,10.7,0,0,5,4,0
4332,4332800,4332750,0,0,4346158,13502,9634,94,0,13460,18084,27995,10.7,0,0,5,4,0
4342,4342800,4342750,0,0,4356158,13502,9634,94,0,12705,17675,17936,11.0,0,0,5,4,0
4352,4352800,4352800,0,0,4366208,13502,9634,94,0,12646,20329,27625,10.8,0,0,5,4,0
4362,4362800,4362800,0,0,4376208,13502,9634,94,0,12908,17659,17908,10.7,0,0,5,4,0
4372,4372800,4372800,0,0,4386208,13502,9634,94,0,12825,18715,27215,10.7,0,0,5,4,0
4382,4382800,4382800,0,0,4396208,13502,9634,94,0,12796,18179,22046,10.7,0,0,5,4,0
4392,4392800,4392800,0,0,4406208,13502,9634,94,0,12618,17980,20237,10.7,0,0,5,4,0
4402,4402800,4402800,0,0,4416208,13502,9634,94,0,12265,17675,21409,10.7,0,0,5,4,0
4412,4412800,4412800,0,0,4426208,13502,9634,94,0,12983,17331,27483,10.7,0,0,5,4,0
4422,4422850,4422800,0,0,4436208,13502,9634,94,0,12871,17656,19318,10.6,0,0,5,4,0
4432,4432850,4432800,0,0,4446208,13502,9634,94,0,12884,20767,28318,10.6,0,0,5,4,0
4442,4442850,4442850,0,0,4456258,13502,9634,94,0,12891,17534,20544,10.6,0,0,5,4,0
4452,4452850,4452850,0,0,4466258,13502,9634,94,0,12102,18292,29432,10.6,0,0,5,4,0
4462,4462850,4462850,0,0,4476258,13502,9634,94,0,13212,17541,18125,10.6,0,0,5,4,0
4472,4472850,4472850,0,0,4486258,13502,9634,94,0,12966,18251,26059,10.6,0,0,5,4,0
4482,4482850,4482850,0,0,4496258,13502,9634,94,0,12791,18138,24468,10.6,0,0,5,4,0
4492,4492850,4492850,0,0,4506256,13518,9676,94,0,12719,416645,516967,11.9,0,0,7,4,0
4502,4502900,4502850,0,0,4515275,13518,9676,94,0,11327,17606,19261,11.9,0,0,7,5,0
4512,4512900,4512900,0,0,4526290,13518,9676,94,0,12740,17785,18837,12.8,0,0,4,5,0
4522,4522900,4522850,0,0,4536274,13518,9676,94,0,11787,17438,17643,12.8,0,0,4,5,0
4532,4532900,4532900,0,0,4546308,13518,9676,94,0,13155,17027,18706,12.8,0,0,4,5,0
4542,4542900,4542900,0,0,4556291,13518,9676,94,0,12461,19736,24331,12.8,0,0,4,5,0
4552,4552900,4552900,0,0,4566291,13518,9676,94,0,11822,18182,19225,12.7,0,0,4,5,0
4562,4562950,4562900,0,0,4576282,13518,9676,94,0,12246,19164,21119,12.7,0,0,4,5,0
4572,4572950,4572900,0,0,4586290,13518,9676,94,0,11915,17188,19873,12.5,0,0,4,5,0
4582,4582950,4582900,0,0,4596308,13518,9676,94,0,11317,19331,27713,12.5,0,0,4,5,0
4592,4592950,4592950,0,0,4606349,13518,9676,94,0,11454,16379,17698,12.3,0,0,4,5,0
4602,4602950,4602950,0,0,4616340,13518,9676,94,0,12820,19984,25667,12.2,0,0,4,5,0
4612,4612950,4612950,0,0,4626350,13518,9676,94,0,11969,17684,23093,12.2,0,0,4,5,0
4622,4622950,4622950,0,0,4636325,13518,9676,94,0,11717,18350,22206,12.2,0,0,4,5,0
4633,4632950,4632950,0,0,4646332,13518,9676,94,0,13465,17626,22151,12.2,0,0,4,5,0
4643,4642950,4642950,0,0,4656358,13518,9676,94,0,12161,17802,26381,12.5,0,0,4,5,0
4653,4653000,4652950,0,0,4666358,13518,9676,94,0,11766,18032,20169,12.5,0,0,4,5,0
4663,4663000,4662950,0,0,4676366,13518,9676,94,0,12473,17844,18465,12.4,0,0,4,5,0
4673,4673000,4673000,0,0,4686406,13518,9676,94,0,12312,18363,18801,12.4,0,0,4,5,0
4683,4683000,4683000,0,0,4696407,13518,9676,94,0,11714,20156,23986,12.4,0,0,4,5,0
4693,4693000,4693000,0,0,4706391,13518,9676,94,0,11483,18577,20537,11.8,0,0,4,5,0
4703,4703000,4703000,0,0,4716408,13518,9676,94,0,12589,21024,24718,11.8,0,0,4,5,0
4713,4713050,4713000,0,0,4726408,13518,9676,94,0,12507,18544,20160,10.9,0,0,4,5,0
4723,4723050,4723000,0,0,4736407,13518,9676,94,0,11719,19312,28921,10.9,0,0,4,5,0
4733,4733050,4733050,0,0,4746458,13518,9676,94,0,12698,18432,24282,10.9,0,0,4,5,0
4743,4743050,4743050,0,0,4756456,13518,9676,94,0,11811,17207,19052,10.9,0,0,4,5,0
4753,4753050,4753050,0,0,4766449,13518,9676,94,0,11953,18068,18931,10.9,0,0,4,5,0
4763,4763100,4763050,0,0,4776458,13518,9676,94,0,12272,20513,26076,10.9,0,0,4,5,0
4773,4773100,4773050,0,0,4786449,13518,9676,94,0,12625,18678,19943,10.9,0,0,4,5,0
4783,4783100,4783100,0,0,4796499,13518,9676,94,0,11826,18002,19768,10.9,0,0,4,5,0
4793,4793100,4792750,0,0,4806249,13518,9676,94,0,12362,18792,19285,11.3,0,0,4,5,0
4803,4803100,4803100,0,0,4818886,15880,10473,94,0,14079,3584402,3775688,14.2,0,0,6,5,0
4813,4813100,4813100,0,0,4828886,15880,10473,94,0,12326,19670,22355,14.1,0,0,6,5,0
4823,4823150,4823100,0,0,4838886,15880,10473,94,0,12488,17571,18372,14.1,0,0,6,5,0
4833,4833150,4833100,0,0,4848886,15880,10473,94,0,12069,17342,24928,14.1,0,0,6,5,0
4843,4843150,4843150,0,0,4858936,15880,10473,94,0,12523,17444,28496,14.1,0,0,6,5,0
4853,4853150,4853150,0,0,4868936,15880,10473,94,0,12608,17975,18212,14.1,0,0,6,5,0
4863,4863150,4863150,0,0,4878936,15880,10473,94,0,12020,19665,26705,14.1,0,0,6,5,0
4873,4873150,4873150,0,0,4888936,15880,10473,94,0,13158,18483,18821,14.1,0,0,6,5,0
4883,4883150,4883150,0,0,4898936,15880,10473,94,0,12286,17622,28876,14.1,0,0,6,5,0
4893,4893200,4893150,0,0,4908936,15880,10473,94,0,12955,17697,21566,14.0,0,0,6,5,0
4903,4903200,4903150,0,0,4918936,15880,10473,94,0,13082,17084,27758,13.9,0,0,6,5,0
4913,4913200,4913150,0,0,4928936,15880,10473,94,0,12320,17686,23128,13.9,0,0,6,5,0
4923,4923200,4923200,0,0,4938986,15880,10473,94,0,12303,18780,24809,13.9,0,0,6,5,0
4933,4933200,4933200,0,0,4948986,15880,10473,94,0,12667,17166,19592,13.1,0,0,6,5,0
4943,4943200,4943200,0,0,4958986,15880,10473,94,0,12466,18112,26566,13.1,0,0,6,5,0
4953,4953200,4953200,0,0,4968986,15880,10473,94,0,12214,17210,19295,13.1,0,0,6,5,0
4963,4963200,4963200,0,0,4978986,15880,10473,94,0,12474,17286,20286,13.1,0,0,6,5,0
4973,4973250,4973200,0,0,4988986,15880,10473,94,0,12810,17851,18302,13.1,0,0,6,5,0
4983,4983250,4983250,0,0,4999036,15880,10473,94,0,11968,19935,23942,13.0,0,0,6,5,0
4993,4993250,4993250,0,0,5009036,15880,10473,94,0,12549,17240,17840,13.0,0,0,6,5,0
5003,5003250,5003250,0,0,5019036,15880,10473,94,0,13192,17674,24541,12.7,0,0,6,5,0
5013,5013250,5013250,0,0,5029036,15880,10473,94,0,12407,17018,18140,12.7,0,0,6,5,0
5023,5023250,5023250,0,0,5039036,15880,10473,94,0,12288,18390,29335,12.7,0,0,6,5,0
5033,5033300,5033250,0,0,5049036,15880,10473,94,0,12827,18120,21519,12.7,0,0,6,5,0
5043,5043300,5043250,0,0,5059036,15880,10473,94,0,12990,17768,23318,12.7,0,0,6,5,0
5053,5053300,5053250,0,0,5069036,15880,10473,94,0,12174,17225,17640,12.6,0,0,6,5,0
5063,5063300,5063300,0,0,5079086,15880,10473,94,0,12745,18308,21630,12.5,0,0,6,5,0
5073,5073300,5073300,0,0,5089086,15880,10473,94,0,12487,17205,20029,12.5,0,0,6,5,0
5083,5083300,5083300,0,0,5099086,15880,10473,94,0,12276,17752,23391,10.9,0,0,6,5,0
5093,5093300,5093300,0,0,5109086,15880,10473,94,0,12686,17291,23501,11.0,0,0,6,5,0
5103,5103350,5103300,0,0,5119086,15880,10473,94,0,12160,18574,25929,11.0,0,0,6,5,0
5113,5113350,5113300,0,0,5129086,15880,10473,94,0,11705,17008,18561,11.0,0,0,6,5,0
5123,5123350,5123350,0,0,5139136,15880,10473,94,0,12646,19290,20504,10.9,0,0,6,5,0
5133,5133350,5133350,0,0,5149136,15880,10473,94,0,12010,17403,27377,10.9,0,0,6,5,0
5143,5143350,5143350,0,0,5159223,16000,10753,111,0,12221,652371,862638,12.0,0,0,6,5,0
5153,5153350,5153350,0,0,5169214,16000,10753,111,0,12125,18380,19216,11.8,0,0,6,5,0
5163,5163350,5163350,0,0,5179206,16000,10753,111,0,12959,18629,19212,11.8,0,0,6,5,0
5173,5173400,5173350,0,0,5189231,16000,10753,111,0,12344,18177,21370,11.8,0,0,6,5,0
5183,5183400,5183400,0,0,5199264,16000,10753,111,0,12145,17159,24234,11.8,0,0,6,5,0
5193,5193400,5193400,0,0,5209255,16000,10753,111,0,11386,17111,21013,11.8,0,0,6,5,0
5203,5203400,5203400,0,0,5219273,16000,10753,111,0,12910,17373,26446,11.8,0,0,6,5,0
5213,5213400,5213400,0,0,5229273,16000,10753,111,0,12930,16838,21868,11.8,0,0,6,5,0
5223,5223400,5223400,0,0,5239246,16000,10753,111,0,11924,16875,17732,11.8,0,0,6,5,0
5233,5233450,5233400,0,0,5249273,16000,10753,111,0,11670,17667,29178,11.6,0,0,6,5,0
5243,5243450,5243400,0,0,5259264,16000,10753,111,0,11596,16370,20196,10.8,0,0,6,5,0
5253,5253450,5253450,0,0,5269331,16000,10753,111,0,11746,17759,26864,10.8,0,0,6,5,0
5263,5263450,5263450,0,0,5279305,16000,10753,111,0,12348,16565,20528,10.8,0,0,6,5,0
5273,5273450,5273450,0,0,5289322,16000,10753,111,0,12771,18100,27674,10.8,0,0,6,5,0
5283,5283450,5283450,0,0,5299322,16000,10753,111,0,11900,16887,19557,10.8,0,0,6,5,0
5293,5293450,5293450,0,0,5309322,16000,10753,111,0,13255,16829,19384,10.8,0,0,6,5,0
5303,5303450,5303450,0,0,5319322,16000,10753,111,0,12792,16802,17233,10.6,0,0,6,5,0
5313,5313500,5313450,0,0,5329348,16000,10753,111,0,11383,17809,25268,10.6,0,0,6,5,0
5323,5323500,5323500,0,0,5339373,16000,10753,111,0,12758,16939,18851,10.6,0,0,6,5,0
5333,5333500,5333500,0,0,5349364,16000,10753,111,0,12524,19182,20752,10.6,0,0,6,5,0
5343,5343500,5343500,0,0,5359372,16000,10753,111,0,12351,17549,18528,10.6,0,0,6,5,0
5353,5353500,5353500,0,0,5369356,16000,10753,111,0,11823,16525,18727,10.6,0,0,6,5,0
5363,5363500,5363500,0,0,5379364,16000,10753,111,0,11792,18088,25526,10.6,0,0,6,5,0
5373,5373550,5373500,0,0,5389339,16000,10753,111,0,11903,18120,19452,10.6,0,0,6,5,0
5383,5383550,5383500,0,0,5399364,16000,10753,111,0,12056,17322,27495,10.6,0,0,6,5,0
5393,5393550,5393500,0,0,5409446,16033,10953,111,0,13351,1062393,1239187,12.4,0,0,6,5,0
5403,5403550,5403550,0,0,5418272,16033,10953,111,0,12247,17791,26472,12.4,0,0,6,6,0
5413,5413550,5413550,0,0,5429472,16033,10953,111,0,12408,17346,22144,13.1,0,0,4,6,0
5423,5423550,5423550,0,0,5439472,16033,10953,111,0,12722,17510,18936,13.1,0,0,4,6,0
5433,5433550,5433550,0,0,5449472,16033,10953,111,0,12331,20075,27179,13.1,0,0,4,6,0
5443,5443550,5443550,0,0,5459472,16033,10953,111,0,12013,17776,19520,13.1,0,0,4,6,0
5453,5453600,5453550,0,0,5469472,16033,10953,111,0,12824,17641,18052,13.1,0,0,4,6,0
5463,5463600,5463550,0,0,5479472,16033,10953,111,0,12248,20014,26278,13.1,0,0,4,6,0
5473,5473600,5473600,0,0,5489522,16033,10953,111,0,12131,17537,23182,13.0,0,0,4,6,0
5483,5483600,5483600,0,0,5499522,16033,10953,111,0,13033,18714,22239,12.6,0,0,4,6,0
5493,5493600,5493600,0,0,5509522,16033,10953,111,0,12918,17302,25955,12.6,0,0,4,6,0
5503,5503600,5503600,0,0,5519522,16033,10953,111,0,13047,18739,32857,12.6,0,0,4,6,0
5513,5513600,5513600,0,0,5529522,16033,10953,111,0,12196,18217,29415,12.6,0,0,4,6,0
5523,5523600,5523600,0,0,5539522,16033,10953,111,0,13273,18385,18880,12.6,0,0,4,6,0
5533,5533650,5533600,0,0,5549522,16033,10953,111,0,11917,18343,22238,12.6,0,0,4,6,0
5543,5543650,5543600,0,0,5559547,16033,10953,111,0,12366,18499,22092,12.6,0,0,4,6,0
5553,5553650,5553650,0,0,5569572,16033,10953,111,0,12747,17717,18929,12.4,0,0,4,6,0
5563,5563650,5563650,0,0,5579572,16033,10953,111,0,12545,17820,25399,12.4,0,0,4,6,0
5573,5573650,5573650,0,0,5589572,16033,10953,111,0,12666,18877,22821,12.4,0,0,4,6,0
5583,5583650,5583650,0,0,5599572,16033,10953,111,0,12290,16917,20206,12.4,0,0,4,6,0
5593,5593650,5593650,0,0,5609572,16033,10953,111,0,12967,17916,22617,12.4,0,0,4,6,0
5603,5603650,5603650,0,0,5619572,16033,10953,111,0,12449,17120,21426,12.4,0,0,4,6,0
5613,5613700,5613700,0,0,5629622,16033,10953,111,0,11926,19149,26677,12.5,0,0,4,6,0
5623,5623700,5623650,0,0,5639572,16033,10953,111,0,13054,18278,26273,10.9,0,0,4,6,0
5633,5633700,5633700,0,0,5649622,16033,10953,111,0,12950,18157,22915,10.9,0,0,4,6,0
5643,5643700,5643700,0,0,5659622,16033,10953,111,0,11988,18892,26752,10.8,0,0,4,6,0
5653,5653700,5653700,0,0,5669622,16033,10953,111,0,12427,16854,17145,10.9,0,0,4,6,0
5663,5663700,5663700,0,0,5679622,16033,10953,111,0,12871,18290,20024,10.7,0,0,4,6,0
5673,5673750,5673700,0,0,5689622,16033,10953,111,0,12398,17902,23973,10.7,0,0,4,6,0
5683,5683750,5683700,0,0,5699622,16033,10953,111,0,12481,17636,18127,10.5,0,0,4,6,0
5693,5693750,5693750,0,0,5709672,16033,10953,111,0,12322,18055,20301,10.8,0,0,4,6,0
5703,5703750,5703750,0,0,5719672,16033,10953,111,0,12179,18743,22597,10.8,0,0,4,6,0
5713,5713750,5713750,0,0,5729672,16033,10953,111,0,12261,16689,18028,10.8,0,0,4,6,0
5723,5723750,5723750,0,0,5739672,16033,10953,111,0,12725,17702,19425,10.8,0,0,4,6,0
5733,5733800,5733750,0,0,5749672,16033,10953,111,0,12773,17953,21668,10.8,0,0,4,6,0
5743,5743800,5743750,0,0,5759672,16033,10953,111,0,12190,18119,25413,10.6,0,0,4,6,0
5753,5753800,5753800,0,0,5769722,16033,10953,111,0,12213,17606,17979,10.6,0,0,4,6,0
5763,5763800,5763800,0,0,5779722,16033,10953,111,0,12614,18006,20011,10.7,0,0,4,6,0
5773,5773800,5773800,0,0,5789722,16033,10953,111,0,12319,17387,19188,10.7,0,0,4,6,0
5783,5783800,5783800,0,0,5799722,16033,10953,111,0,12940,17256,22082,10.7,0,0,4,6,0
5793,5793800,5793800,0,0,5809689,16050,11186,136,0,11666,214434,315802,11.3,0,0,6,6,0
5803,5803850,5803800,0,0,5819689,16050,11186,136,0,12315,17719,18902,11.2,0,0,6,6,0
5813,5813850,5813850,0,0,5829732,16050,11186,136,0,13796,17335,25123,11.2,0,0,6,6,0
5823,5823850,5823850,0,0,5839756,16050,11186,136,0,12624,17048,17221,11.2,0,0,6,6,0
5833,5833850,5833850,0,0,5849746,16050,11186,136,0,13401,17163,29270,11.2,0,0,6,6,0
5843,5843850,5843850,0,0,5859748,16050,11186,136,0,11909,18793,24576,11.1,0,0,6,6,0
5853,5853850,5853850,0,0,5869748,16050,11186,136,0,11663,19135,24611,11.1,0,0,6,6,0
5863,5863900,5863850,0,0,5879730,16050,11186,136,0,12626,17893,20077,11.0,0,0,6,6,0
5873,5873900,5873850,0,0,5889740,16050,11186,136,0,11697,16820,20230,11.0,0,0,6,6,0
5883,5883900,5883850,0,0,5899748,16050,11186,136,0,11662,18730,19321,11.0,0,0,6,6,0
5893,5893900,5893900,0,0,5909781,16050,11186,136,0,12373,17079,24308,11.0,0,0,6,6,0
5903,5903900,5903900,0,0,5919789,16050,11186,136,0,11574,18730,27777,11.0,0,0,6,6,0
5913,5913900,5913900,0,0,5929773,16050,11186,136,0,12031,19308,28920,10.8,0,0,6,6,0
5923,5923900,5923900,0,0,5939781,16050,11186,136,0,12208,19940,40543,10.8,0,0,6,6,0
5933,5933950,5933900,0,0,5949798,16050,11186,136,0,12254,19910,25388,10.8,0,0,6,6,0
5943,5943950,5943900,0,0,5959797,16050,11186,136,0,12363,19338,72008,10.8,0,0,6,6,0
5953,5953950,5953900,0,0,5969797,16050,11186,136,0,12210,18578,26669,10.8,0,0,6,6,0
5963,5963950,5963950,0,0,5979847,16050,11186,136,0,12696,18689,21567,10.8,0,0,6,6,0
5973,5973950,5973950,0,0,5989840,16050,11186,136,0,11466,17196,22637,10.6,0,0,6,6,0
5983,5983950,5983950,0,0,5999847,16050,11186,136,0,12468,17312,22081,10.6,0,0,6,6,0
5994,5993950,5993950,0,0,6010102,16288,11841,136,0,12694,1343895,1644227,13.1,0,0,8,6,0
6004,6003950,6003950,0,0,6020102,16288,11841,136,0,12225,17344,27935,13.1,0,0,8,6,0
6014,6013950,6013950,0,0,6030102,16288,11841,136,0,12584,17857,18992,13.1,0,0,8,6,0
6024,6024000,6023950,0,0,6040102,16288,11841,136,0,12569,19147,27662,13.1,0,0,8,6,0
6034,6034000,6034000,0,0,6050102,16288,11841,136,0,12344,18290,19029,13.1,0,0,8,6,0
6044,6044000,6044000,0,0,6060152,16288,11841,136,0,12131,20550,25530,13.1,0,0,8,6,0
6054,6054000,6054000,0,0,6070152,16288,11841,136,0,12016,17648,20588,13.1,0,0,8,6,0
6064,6064000,6064000,0,0,6080152,16288,11841,136,0,11971,18006,19248,13.1,0,0,8,6,0
6074,6074000,6074000,0,0,6090152,16288,11841,136,0,12575,17027,17303,13.1,0,0,8,6,0
6084,6084000,6084000,0,0,6100152,16288,11841,136,0,12484,17571,17860,13.0,0,0,8,6,0
6094,6094000,6094000,0,0,6110152,16288,11841,136,0,12584,18626,23749,13.0,0,0,8,6,0
6104,6104050,6104000,0,0,6120152,16288,11841,136,0,12684,17608,21761,12.8,0,0,8,6,0
6114,6114050,6114000,0,0,6130152,16288,11841,136,0,12194,18478,25409,12.8,0,0,8,6,0
6124,6124050,6124050,0,0,6140202,16288,11841,136,0,12390,18249,27238,12.8,0,0,8,6,0
6134,6134050,6134050,0,0,6150202,16288,11841,136,0,11826,16890,22569,12.7,0,0,8,6,0
6144,6144050,6144050,0,0,6160202,16288,11841,136,0,11788,18181,20431,12.7,0,0,8,6,0
6154,6154050,6154050,0,0,6170202,16288,11841,136,0,11918,17583,25077,12.6,0,0,8,6,0
6164,6164050,6164050,0,0,6180202,16288,11841,136,0,13386,17942,20786,12.5,0,0,8,6,0
6174,6174100,6174050,0,0,6190202,16288,11841,136,0,12132,17037,21965,12.5,0,0,8,6,0
6184,6184100,6184050,0,0,6200202,16288,11841,136,0,11977,16591,17797,12.6,0,0,8,6,0
6194,6194100,6194100,0,0,6210252,16288,11841,136,0,12815,17317,19088,12.3,0,0,8,6,0
6204,6204100,6204100,0,0,6220252,16288,11841,136,0,12366,20893,30997,12.3,0,0,8,6,0
6214,6214100,6214100,0,0,6230252,16288,11841,136,0,11979,17603,19863,12.3,0,0,8,6,0
6224,6224100,6224100,0,0,6240252,16288,11841,136,0,12549,17174,18591,12.2,0,0,8,6,0
6234,6234100,6234100,0,0,6250252,16288,11841,136,0,12217,17232,21287,12.2,0,0,8,6,0
6244,6244150,6244100,0,0,6260252,16288,11841,136,0,12652,17415,18103,12.2,0,0,8,6,0
6254,6254150,6254150,0,0,6270302,16288,11841,136,0,12207,20451,25777,11.0,0,0,8,6,0
6264,6264150,6264150,0,0,6280302,16288,11841,136,0,12518,17032,21019,10.8,0,0,8,6,0
6274,6274150,6274150,0,0,6290302,16288,11841,136,0,11971,17140,25389,10.8,0,0,8,6,0
6284,6284150,6284150,0,0,6300302,16288,11841,136,0,11950,17648,25608,10.8,0,0,8,6,0
6294,6294150,6294150,0,0,6310302,16288,11841,136,0,12385,16407,17729,11.1,0,0,8,6,0
6304,6304150,6304150,0,0,6320302,16288,11841,136,0,12249,17046,18174,11.1,0,0,5,7,0
6314,6314150,6314150,0,0,6330302,16288,11841,136,0,12217,18258,24402,11.0,0,0,5,7,0
6324,6324200,6324150,0,0,6340302,16288,11841,136,0,12968,17790,21463,11.0,0,0,5,7,0
6334,6334200,6334150,0,0,6350302,16288,11841,136,0,12149,17044,31713,11.0,0,0,5,7,0
6344,6344200,6344150,0,0,6360302,16288,11841,136,0,12270,18169,19452,11.0,0,0,5,7,0
6354,6354200,6354200,0,0,6370352,16288,11841,136,0,12533,17648,20629,11.0,0,0,5,7,0
6364,6364200,6364200,0,0,6380352,16288,11841,136,0,12466,19234,23540,11.0,0,0,5,7,0
6374,6374200,6374200,0,0,6390352,16288,11841,136,0,11982,17006,17737,11.0,0,0,5,7,0
6384,6384200,6384200,0,0,6400352,16288,11841,136,0,12086,18058,23690,11.0,0,0,5,7,0
6394,6394200,6394200,0,0,6410352,16288,11841,136,0,12340,16587,17019,11.0,0,0,5,7,0
6404,6404250,6404200,0,0,6420352,16288,11841,136,0,13173,18292,25248,11.0,0,0,5,7,0
6414,6414250,6414200,0,0,6430352,16288,11841,136,0,11563,17494,18224,11.0,0,0,5,7,0
6424,6424250,6424250,0,0,6440402,16288,11841,136,0,12751,17412,27436,11.0,0,0,5,7,0
6434,6434250,6434250,0,0,6450402,16288,11841,136,0,12662,17280,18147,11.0,0,0,5,7,0
6444,6444250,6444250,0,0,6460409,16338,11891,136,0,10997,23194,127034,11.1,0,0,5,7,0
6454,6454250,6454250,0,0,6470419,16338,11891,136,0,12711,16954,17947,11.1,0,0,5,7,0
6464,6464250,6464250,0,0,6480435,16338,11891,136,0,13348,17819,19195,11.1,0,0,5,7,0
6474,6474300,6474250,0,0,6490443,16338,11891,136,0,12066,17276,23169,11.1,0,0,5,7,0
6484,6484300,6484300,0,0,6500485,16338,11891,136,0,11471,16075,16825,11.1,0,0,5,7,0
6494,6494300,6494300,0,0,6510477,16338,11891,136,0,12225,20923,43222,11.0,0,0,5,7,0
6504,6504300,6504300,0,0,6520452,16338,11891,136,0,12429,17721,21853,11.0,0,0,5,7,0
6514,6514300,6514300,0,0,6530461,16338,11891,136,0,12000,17167,25036,11.0,0,0,5,7,0
6524,6524350,6524300,0,0,6540460,16338,11891,136,0,11779,18773,25357,10.7,0,0,5,7,0
6534,6534350,6534300,0,0,6550486,16338,11891,136,0,11787,17324,24298,10.7,0,0,5,7,0
6544,6544350,6544350,0,0,6560519,16338,11891,136,0,12043,19062,24281,10.7,0,0,5,7,0
6554,6554350,6554350,0,0,6570544,16338,11891,136,0,12580,17183,17649,10.7,0,0,5,7,0
6564,6564350,6564350,0,0,6580519,16338,11891,136,0,12539,19885,34372,10.7,0,0,5,7,0
6574,6574350,6574350,0,0,6590518,16338,11891,136,0,12748,17874,18997,10.6,0,0,5,7,0
6584,6584400,6584350,0,0,6600518,16338,11891,136,0,12534,22219,26911,10.6,0,0,5,7,0
6594,6594400,6594400,0,0,6610805,16696,12689,291,0,14498,2344223,2920966,13.8,0,0,5,7,0
6604,6604400,6604400,0,0,6620805,16696,12689,291,0,13147,24380,30438,13.8,0,0,5,7,0
6614,6614400,6614400,0,0,6630805,16696,12689,291,0,12842,22475,28623,13.8,0,0,5,7,0
6624,6624400,6624400,0,0,6640805,16696,12689,291,0,13001,20025,22035,13.8,0,0,5,7,0
6634,6634400,6634400,0,0,6650805,16696,12689,291,0,12873,22145,25691,13.8,0,0,5,7,0
6644,6644400,6644400,0,0,6660805,16696,12689,291,0,12267,18765,19067,13.4,0,0,5,7,0
6654,6654450,6654400,0,0,6670805,16696,12689,291,0,12538,19493,24895,13.4,0,0,5,7,0
6664,6664450,6664400,0,0,6680805,16696,12689,291,0,12467,18925,30769,13.3,0,0,5,7,0
6674,6674450,6674450,0,0,6690855,16696,12689,291,0,13319,18981,21648,13.3,0,0,5,7,0
6684,6684450,6684450,0,0,6700855,16696,12689,291,0,12611,17518,20062,13.3,0,0,5,7,0
6694,6694450,6694450,0,0,6710855,16696,12689,291,0,13351,20653,27620,12.9,0,0,5,7,0
6704,6704495,6704450,0,0,6720855,16696,12689,291,0,12815,17542,18090,12.9,0,0,5,7,0
6714,6714500,6714450,0,0,6730855,16696,12689,291,0,12674,19306,34833,12.9,0,0,5,7,0
6724,6724500,6724500,0,0,6740905,16696,12689,291,0,12449,17281,19199,12.9,0,0,5,7,0
6734,6734500,6734500,0,0,6750905,16696,12689,291,0,12170,18219,25788,12.8,0,0,5,7,0
6744,6744500,6744500,0,0,6760905,16696,12689,291,0,12407,17493,18476,12.8,0,0,5,7,0
6754,6754500,6754500,0,0,6770905,16696,12689,291,0,12295,19164,24495,12.7,0,0,5,7,0
6764,6764500,6764500,0,0,6780905,16696,12689,291,0,12602,17752,18275,11.9,0,0,5,7,0
6774,6774500,6774500,0,0,6790905,16696,12689,291,0,12701,18732,23700,11.9,0,0,5,7,0
6784,6784550,6784500,0,0,6800905,16696,12689,291,0,12467,17236,18539,11.9,0,0,5,7,0
6794,6794550,6794550,0,0,6810955,16696,12689,291,0,12823,18581,31522,11.9,0,0,5,7,0
6804,6804550,6804550,0,0,6820955,16696,12689,291,0,12575,17417,17679,11.4,0,0,5,7,0
6814,6814550,6814550,0,0,6830955,16696,12689,291,0,12551,17589,25386,11.4,0,0,5,7,0
6824,6824550,6824550,0,0,6840955,16696,12689,291,0,12848,17773,18503,11.4,0,0,5,7,0
6834,6834550,6834550,0,0,6850955,16696,12689,291,0,12563,17422,27668,11.4,0,0,5,7,0
6844,6844550,6844550,0,0,6860955,16696,12689,291,0,12545,17493,19726,11.4,0,0,5,7,0
6854,6854581,6854550,0,0,6870955,16696,12689,291,0,11835,17714,19070,11.4,0,0,5,7,0
6864,6864600,6864550,0,0,6880955,16696,12689,291,0,11861,17037,25319,11.4,0,0,5,7,0
6874,6874600,6874550,0,0,6890955,16696,12689,291,0,12241,17583,25188,11.4,0,0,5,7,0
6884,6884600,6884600,0,0,6901005,16696,12689,291,0,12143,17131,32356,11.4,0,0,5,7,0
6894,6894600,6894600,0,0,6911005,16696,12689,291,0,12876,17033,21020,11.7,0,0,5,7,0
6904,6904600,6904600,0,0,6921005,16696,12689,291,0,13026,17215,30422,11.3,0,0,5,7,0
6914,6914600,6914600,0,0,6931005,16696,12689,291,0,12031,16975,17836,11.0,0,0,5,7,0
6924,6924650,6924600,0,0,6941005,16696,12689,291,0,12876,17401,26381,10.9,0,0,5,7,0
6934,6934650,6934650,0,0,6951031,16696,12689,291,0,12967,16916,17808,10.9,0,0,5,7,0
6944,6944650,6944600,0,0,6961005,16696,12689,291,0,12180,17456,24339,10.9,0,0,5,7,0
6954,6954650,6954650,0,0,6971055,16696,12689,291,0,12408,17300,27332,10.9,0,0,5,7,0
6964,6964650,6964650,0,0,6981055,16696,12689,291,0,12944,17640,18413,10.9,0,0,5,7,0
6974,6974650,6974650,0,0,6991055,16696,12689,291,0,12435,17860,19116,10.9,0,0,5,7,0
6984,6984650,6984650,0,0,7001055,16696,12689,291,0,12077,17838,21340,10.7,0,0,5,7,0
6994,6994650,6994650,0,0,7011055,16696,12689,291,0,12374,17384,19491,10.7,0,0,5,7,0
7004,7004700,7004650,0,0,7021055,16696,12689,291,0,12629,17606,21465,10.7,0,0,5,7,0
7014,7014700,7014650,0,0,7031055,16696,12689,291,0,12294,17859,26393,10.7,0,0,5,7,0
7024,7024700,7024700,0,0,7041105,16696,12689,291,0,12521,16661,18049,10.7,0,0,5,7,0
7034,7034700,7034700,0,0,7051105,16696,12689,291,0,12341,17352,22799,10.7,0,0,5,7,0
7044,7044700,7044700,0,0,7061105,16696,12689,291,0,11939,19347,32725,10.7,0,0,5,7,0
7054,7054700,7054700,0,0,7071105,16696,12689,291,0,12032,16815,35335,10.4,0,0,5,7,0
7064,7064700,7064700,0,0,7081105,16696,12689,291,0,12860,17280,23863,10.4,0,0,5,7,0
7074,7074750,7074700,0,0,7091105,16696,12689,291,0,12477,17233,17940,10.4,0,0,5,7,0
7084,7084750,7084750,0,0,7101155,16696,12689,291,0,11932,16929,21943,10.5,0,0,5,7,0
7094,7094750,7094736,0,0,7102879,16696,12746,291,0,11014,426381,519850,12.0,0,0,5,7,0
7104,7104750,7104750,0,0,7102879,16696,12746,291,0,13420,19767,20175,12.0,0,0,5,7,0
7114,7114750,7114750,0,0,7102879,16696,12746,291,0,12730,20658,26423,11.7,0,0,5,7,0
7124,7124750,7124750,0,0,7121147,16696,12746,291,0,12458,18637,19585,17.2,0,0,5,7,0
7134,7134800,7134750,0,0,7126172,16696,12746,291,0,10723,16806,30637,17.2,0,0,5,7,0
7144,7144800,7144750,0,0,7161130,16696,12803,291,0,11871,20013,38943,16.8,0,0,7,7,0
7154,7154800,7154750,0,0,7171113,16696,12803,291,0,12816,18588,18936,16.8,0,0,7,7,0
7164,7164800,7164800,0,0,7181179,16696,12803,291,0,12635,21369,30718,15.7,0,0,7,7,0
7174,7174800,7174800,0,0,7191155,16696,12803,291,0,11628,16601,23239,14.9,0,0,7,7,0
7184,7184800,7184800,0,0,7201180,16696,12803,291,0,11956,18320,29440,14.9,0,0,7,7,0
7194,7194800,7194800,0,0,7211436,16927,13252,291,0,13470,1226951,1457865,16.2,0,0,9,7,0
7204,7204800,7204800,0,0,7221436,16927,13252,291,0,12296,19102,21619,16.6,0,0,5,8,0
7214,7214850,7214800,0,0,7231436,16927,13252,291,0,12824,17545,18880,16.6,0,0,5,8,0
7224,7224850,7224800,0,0,7241436,16927,13252,291,0,12216,17235,19393,16.6,0,0,5,8,0
7234,7234850,7234800,0,0,7251436,16927,13252,291,0,12217,18265,19707,16.6,0,0,5,8,0
7244,7244850,7244850,0,0,7261486,16927,13252,291,0,12290,18175,21564,15.1,0,0,5,8,0
7254,7254850,7254850,0,0,7271486,16927,13252,291,0,12413,18260,23370,15.1,0,0,5,8,0
7264,7264850,7264850,0,0,7281486,16927,13252,291,0,12283,17563,20507,14.0,0,0,5,8,0
7274,7274850,7274850,0,0,7291486,16927,13252,291,0,12237,17901,18199,14.0,0,0,5,8,0
7284,7284850,7284850,0,0,7301486,16927,13252,291,0,12808,17661,21743,13.7,0,0,5,8,0
7294,7294900,7294850,0,0,7311486,16927,13252,291,0,12803,17658,23214,13.7,0,0,5,8,0
7304,7304900,7304850,0,0,7321486,16927,13252,291,0,12326,18662,22183,13.7,0,0,5,8,0
7314,7314900,7314900,0,0,7331536,16927,13252,291,0,12668,18887,20652,13.7,0,0,5,8,0
7324,7324900,7324900,0,0,7341536,16927,13252,291,0,11899,17073,17254,13.7,0,0,5,8,0
7334,7334900,7334900,0,0,7351536,16927,13252,291,0,11920,18646,20600,13.7,0,0,5,8,0
7344,7344900,7344900,0,0,7361536,16927,13252,291,0,12475,17779,21154,13.7,0,0,5,8,0
7354,7354900,7354900,0,0,7371536,16927,13252,291,0,11805,17997,18267,13.7,0,0,5,8,0
7364,7364900,7364900,0,0,7381536,16927,13252,291,0,12179,19018,27916,13.3,0,0,5,8,0
7374,7374900,7374900,0,0,7391536,16927,13252,291,0,12122,17569,24418,13.3,0,0,5,8,0
7384,7384950,7384900,0,0,7401536,16927,13252,291,0,12187,16954,18266,13.3,0,0,5,8,0
7394,7394950,7394900,0,0,7411536,16927,13252,291,0,12466,18758,28746,13.3,0,0,5,8,0
7404,7404950,7404900,0,0,7421536,16927,13252,291,0,12390,17148,22666,13.3,0,0,5,8,0
7414,7414950,7414950,0,0,7431586,16927,13252,291,0,12446,16857,19450,13.2,0,0,5,8,0
7424,7424950,7424950,0,0,7441586,16927,13252,291,0,12546,22908,31892,13.0,0,0,5,8,0
7434,7434950,7434950,0,0,7451586,16927,13252,291,0,12910,18309,19207,11.4,0,0,5,8,0
7445,7444950,7444950,0,0,7461586,16927,13252,291,0,11785,18206,19456,11.3,0,0,5,8,0
7455,7454950,7454950,0,0,7471586,16927,13252,291,0,12313,17640,17956,11.2,0,0,5,8,0
7465,7465000,7464950,0,0,7481586,16927,13252,291,0,12309,19107,22162,10.9,0,0,5,8,0
7475,7475000,7474950,0,0,7491586,16927,13252,291,0,12324,17526,24378,10.9,0,0,5,8,0
7485,7485000,7485000,0,0,7501636,16927,13252,291,0,12757,23464,26543,10.6,0,0,5,8,0
7495,7495000,7495000,0,0,7511636,16927,13252,291,0,12554,17627,32846,10.9,0,0,5,8,0
7505,7505000,7505000,0,0,7521636,16927,13252,291,0,12707,17867,31799,10.9,0,0,5,8,0
7515,7515000,7515000,0,0,7531636,16927,13252,291,0,12075,17069,18561,10.9,0,0,5,8,0
7525,7525000,7525000,0,0,7541636,16927,13252,291,0,12969,17559,24436,10.9,0,0,5,8,0
7535,7535050,7535000,0,0,7551636,16927,13252,291,0,12344,17127,18573,10.7,0,0,5,8,0
7545,7545050,7545050,0,0,7561686,16927,13252,291,0,12724,18078,20722,10.7,0,0,5,8,0
7555,7555050,7555050,0,0,7571686,16927,13252,291,0,12774,17965,18935,10.7,0,0,5,8,0
7565,7565050,7565050,0,0,7581686,16927,13252,291,0,12570,16798,18048,10.7,0,0,5,8,0
7575,7575050,7575050,0,0,7591686,16927,13252,291,0,11883,17018,17915,10.7,0,0,5,8,0
7585,7585050,7585050,0,0,7601686,16927,13252,291,0,12701,17359,26776,10.7,0,0,5,8,0
7595,7595050,7595050,0,0,7611686,16927,13252,291,0,11826,16789,17200,10.7,0,0,5,8,0
7605,7605100,7605050,0,0,7621686,16927,13252,291,0,11961,18052,26532,10.7,0,0,5,8,0
7615,7615100,7615050,0,0,7631712,16927,13252,291,0,12621,16981,17214,10.7,0,0,5,8,0
7625,7625100,7625100,0,0,7641736,16927,13252,291,0,12317,17953,22759,10.7,0,0,5,8,0
7635,7635100,7635100,0,0,7651736,16927,13252,291,0,12687,16658,18936,10.7,0,0,5,8,0
7645,7645100,7645100,0,0,7661736,16927,13252,291,0,12292,16936,27692,10.7,0,0,5,8,0
7655,7655100,7655100,0,0,7671736,16927,13252,291,0,12848,18270,20286,10.7,0,0,5,8,0
7665,7665100,7665100,0,0,7681736,16927,13252,291,0,12361,17125,20158,10.6,0,0,5,8,0
7675,7675100,7675100,0,0,7691736,16927,13252,291,0,12240,17881,22519,10.4,0,0,5,8,0
7685,7685150,7685100,0,0,7701736,16927,13252,291,0,12835,16904,24405,10.4,0,0,5,8,0
7695,7695150,7695109,0,0,7711736,16927,13252,291,0,13183,17456,21059,10.4,0,0,5,8,0
7705,7705150,7705100,0,0,7721736,16927,13252,291,0,12217,17468,18606,10.4,0,0,5,8,0
7715,7715150,7715150,0,0,7731786,16927,13252,291,0,12083,17656,26450,10.4,0,0,5,8,0
7725,7725150,7725150,0,0,7741786,16927,13252,291,0,12338,18170,18744,10.4,0,0,5,8,0
7735,7735150,7735150,0,0,7751778,16927,13330,291,0,12578,437261,529659,11.8,0,0,5,8,0
7745,7745150,7745150,0,0,7761769,16927,13330,291,0,11243,17275,17582,11.8,0,0,5,8,0
7755,7755150,7755150,0,0,7771770,16927,13330,291,0,12421,17352,19106,11.8,0,0,5,8,0
7765,7765150,7765150,0,0,7781778,16927,13330,291,0,12445,18348,18575,11.8,0,0,5,8,0
7775,7775200,7775150,0,0,7791770,16927,13330,291,0,11421,18370,26567,11.8,0,0,5,8,0
7785,7785200,7784700,0,0,7801436,16927,13347,324,0,11556,25695,28728,11.9,0,0,5,8,0
7795,7795200,7795200,0,0,7813501,18592,14625,291,0,16610,3311551,5434707,14.9,0,0,5,8,0
7805,7805200,7805200,0,0,7823501,18592,14625,291,0,12773,21868,34736,14.9,0,0,5,8,0
7815,7815200,7815200,0,0,7833501,18592,14625,291,0,12733,18424,23648,14.6,0,0,5,8,0
7825,7825200,7825200,0,0,7843501,18592,14625,291,0,12619,19573,23953,14.5,0,0,5,8,0
7835,7835200,7835200,0,0,7853501,18592,14625,291,0,12367,18547,30869,14.4,0,0,5,8,0
7845,7845250,7845200,0,0,7863501,18592,14625,291,0,12552,17521,23058,13.6,0,0,5,8,0
7855,7855250,7855200,0,0,7873501,18592,14625,291,0,12117,17666,18640,13.6,0,0,5,8,0
7865,7865250,7865250,0,0,7883501,18592,14625,291,0,12376,17643,24466,13.2,0,0,5,8,0
7875,7875250,7875250,0,0,7893551,18592,14625,291,0,12213,17581,25904,13.2,0,0,5,8,0
7885,7885250,7885250,0,0,7903551,18592,14625,291,0,13307,18177,20667,13.2,0,0,5,8,0
7895,7895250,7895250,0,0,7913551,18592,14625,291,0,11966,18235,28519,13.2,0,0,5,8,0
7905,7905250,7905250,0,0,7923551,18592,14625,291,0,12312,17763,23090,12.5,0,0,5,8,0
7915,7915250,7915250,0,0,7933551,18592,14625,291,0,12427,17173,17801,12.5,0,0,5,8,0
7925,7925250,7925250,0,0,7943551,18592,14625,291,0,12067,19247,25454,12.5,0,0,5,8,0
7935,7935300,7935250,0,0,7953551,18592,14625,291,0,11962,18440,25861,12.5,0,0,5,8,0
7945,7945300,7945300,0,0,7963601,18592,14625,291,0,12472,17945,21272,12.5,0,0,5,8,0
7955,7955300,7955300,0,0,7973601,18592,14625,291,0,12677,17697,18129,12.5,0,0,5,8,0
7965,7965300,7965300,0,0,7983601,18592,14625,291,0,11715,17004,20887,12.1,0,0,5,8,0
7975,7975300,7975300,0,0,7993601,18592,14625,291,0,12224,17534,20389,12.1,0,0,5,8,0
7985,7985300,7985300,0,0,8003601,18592,14625,291,0,12923,16933,17294,12.1,0,0,5,8,0
7995,7995300,7995300,0,0,8013601,18592,14625,291,0,11869,16806,24430,12.0,0,0,5,8,0
8005,8005350,8005300,0,0,8023601,18592,14625,291,0,11940,16866,28232,11.7,0,0,5,8,0
8015,8015350,8015350,0,0,8033651,18592,14625,291,0,12880,17236,19752,11.3,0,0,5,8,0
8025,8025350,8025350,0,0,8043651,18592,14625,291,0,12584,17674,20749,11.3,0,0,5,8,0
8035,8035350,8035350,0,0,8053651,18592,14625,291,0,12102,18844,28410,11.3,0,0,5,8,0
8045,8045350,8045350,0,0,8063651,18592,14625,291,0,12430,18878,21958,11.3,0,0,5,8,0
8055,8055350,8055350,0,0,8073651,18592,14625,291,0,12236,17787,21145,10.6,0,0,5,8,0
8065,8065350,8065350,0,0,8083651,18592,14625,291,0,11948,16671,18330,10.6,0,0,5,8,0
8075,8075400,8075350,0,0,8093651,18592,14625,291,0,12112,17674,19819,10.5,0,0,5,8,0
8085,8085400,8085350,0,0,8103651,18592,14625,291,0,12807,17943,28863,10.8,0,0,5,8,0
8095,8095400,8095400,0,0,8113701,18592,14625,291,0,12424,19092,26537,10.9,0,0,5,8,0
8105,8105400,8105400,0,0,8123701,18592,14625,291,0,11888,18698,19303,11.2,0,0,3,9,0
8115,8115400,8115400,0,0,8133701,18592,14625,291,0,12397,17060,19375,11.2,0,0,3,9,0
8125,8125400,8125400,0,0,8143701,18592,14625,291,0,12616,17098,17859,11.2,0,0,3,9,0
8135,8135400,8135400,0,0,8153701,18592,14625,291,0,11922,16811,17595,11.2,0,0,3,9,0
8145,8145450,8145400,0,0,8163701,18592,14625,291,0,12502,18968,22522,11.2,0,0,3,9,0
8155,8155450,8155400,0,0,8173701,18592,14625,291,0,12632,17452,25869,11.4,0,0,3,9,0
8165,8165450,8165450,0,0,8183751,18592,14625,291,0,11756,17979,18390,11.1,0,0,3,9,0
8175,8175450,8175450,0,0,8193751,18592,14625,291,0,12117,17890,18295,11.1,0,0,3,9,0
8185,8185450,8185450,0,0,8203751,18592,14625,291,0,13134,17364,19929,11.1,0,0,3,9,0
8195,8195450,8195450,0,0,8213751,18592,14625,291,0,11637,18813,28906,11.1,0,0,3,9,0
8205,8205450,8205450,0,0,8223751,18592,14625,291,0,12340,18123,19705,11.1,0,0,3,9,0
8215,8215450,8215450,0,0,8233751,18592,14625,291,0,12253,17156,17687,11.1,0,0,3,9,0
8225,8225500,8225450,0,0,8243751,18592,14625,291,0,12247,18666,26239,11.1,0,0,3,9,0
8235,8235500,8235500,0,0,8253801,18592,14625,291,0,11979,21204,25940,11.1,0,0,3,9,0
8245,8245500,8245500,0,0,8263801,18592,14625,291,0,13165,17234,17677,11.1,0,0,3,9,0
8255,8255500,8255500,0,0,8273801,18592,14625,291,0,12678,17457,22118,11.0,0,0,3,9,0
8265,8265500,8265500,0,0,8283801,18592,14625,291,0,12186,16315,17073,11.0,0,0,3,9,0
8275,8275500,8275500,0,0,8293801,18592,14625,291,0,12417,17244,25064,11.0,0,0,3,9,0
8285,8285550,8285500,0,0,8303801,18592,14625,291,0,12778,16503,17775,11.0,0,0,3,9,0
8295,8295550,8295500,0,0,8313801,18592,14625,291,0,12225,17707,26226,10.8,0,0,3,9,0
8305,8305550,8305198,0,0,8323793,18741,14842,472,0,13223,1411990,1660997,12.7,0,0,3,9,0
8315,8315550,8315550,0,0,8334471,19220,15608,299,0,12598,1425840,3476059,12.8,0,0,3,9,0
8325,8325550,8325550,0,0,8344471,19220,15608,299,0,12477,17059,17572,12.8,0,0,3,9,0
8335,8335550,8335550,0,0,8354471,19220,15608,299,0,11560,19023,44864,12.4,0,0,3,9,0
8345,8345600,8345550,0,0,8364471,19220,15608,299,0,12320,16830,18037,12.1,0,0,3,9,0
8355,8355600,8355550,0,0,8374471,19220,15608,299,0,12147,18401,24968,12.1,0,0,3,9,0
8365,8365600,8365550,0,0,8384471,19220,15608,299,0,11893,17559,21112,12.1,0,0,3,9,0
8375,8375600,8375600,0,0,8394521,19220,15608,299,0,12062,18614,27239,11.6,0,0,3,9,0
8385,8385600,8385600,0,0,8402223,19220,15608,299,0,11482,18697,48565,11.6,0,0,3,9,0
8395,8395600,8395600,0,0,8402223,19220,15608,299,0,13388,18593,23551,11.6,0,0,3,9,0
8405,8405600,8405600,0,0,8402223,19220,15608,299,0,13019,19093,19396,11.6,0,0,3,9,0
8415,8415650,8415600,0,0,8418072,19220,15608,299,0,13274,19832,26924,16.2,0,0,3,9,0
8425,8425650,8425600,0,0,8423073,19220,15608,299,0,13369,18508,21117,16.2,0,0,3,9,0
8435,8435650,8435650,0,0,8454530,19220,15608,299,0,11495,20025,27471,16.0,0,0,5,9,0
8445,8445650,8445650,0,0,8464553,19220,15608,299,0,11767,18306,19400,15.7,0,0,5,9,0
8455,8455650,8455650,0,0,8474563,19220,15608,299,0,12395,21419,26609,15.7,0,0,5,9,0
8465,8465650,8465650,0,0,8484538,19220,15608,299,0,11152,18252,26109,15.7,0,0,5,9,0
8475,8475650,8475650,0,0,8494545,19220,15608,299,0,11824,16839,20263,15.7,0,0,5,9,0
8485,8485650,8485650,0,0,8504537,19220,15608,299,0,11378,17471,18816,15.7,0,0,5,9,0
8495,8495700,8495650,0,0,8514546,19220,15608,299,0,11391,16559,17904,15.7,0,0,5,9,0
8505,8505700,8505700,0,0,8524588,19220,15608,299,0,11782,22670,26471,15.7,0,0,5,9,0
8515,8515700,8515700,0,0,8534605,19220,15608,299,0,11283,16940,18954,13.7,0,0,5,9,0
8525,8525700,8525700,0,0,8544580,19220,15608,299,0,11034,17528,27140,13.5,0,0,5,9,0
8535,8535700,8535700,0,0,8554596,19220,15608,299,0,11943,16919,19085,13.5,0,0,5,9,0
8545,8545700,8545700,0,0,8564595,19220,15608,299,0,11733,18215,23928,13.5,0,0,5,9,0
8555,8555700,8555700,0,0,8574605,19220,15608,299,0,11143,16750,30383,13.2,0,0,5,9,0
8565,8565750,8565700,0,0,8584596,19220,15608,299,0,10868,17393,19107,13.1,0,0,5,9,0
8575,8575750,8575700,0,0,8594596,19220,15608,299,0,11455,18149,22353,13.1,0,0,5,9,0
8585,8585750,8585700,0,0,8604605,19220,15608,299,0,11537,17080,28006,12.8,0,0,5,9,0
8595,8595750,8595750,0,0,8614646,19220,15608,299,0,11300,17194,27618,12.6,0,0,5,9,0
8605,8605750,8605750,0,0,8624620,19220,15608,299,0,11873,18118,27253,12.6,0,0,5,9,0
8615,8615750,8615750,0,0,8634637,19220,15608,299,0,11126,17401,20590,12.3,0,0,5,9,0
8625,8625800,8625800,0,0,8644695,19220,15608,299,0,11021,18327,18881,12.3,0,0,5,9,0
8635,8635800,8635800,0,0,8654688,19220,15608,299,0,12336,17950,19754,12.3,0,0,5,9,0
8645,8645800,8645800,0,0,8664688,19220,15608,299,0,11678,17944,25789,11.7,0,0,5,9,0
8655,8655800,8655800,0,0,8674671,19220,15608,299,0,11100,16270,17458,10.9,0,0,5,9,0
8665,8665800,8665800,0,0,8684713,19220,15608,299,0,12642,16805,24053,10.9,0,0,5,9,0
8675,8675800,8675800,0,0,8694687,19220,15608,299,0,12419,17072,17547,10.9,0,0,5,9,0
8685,8685850,8685614,0,0,8703895,19251,15779,330,0,11137,989479,1032733,12.5,0,0,5,9,0
8695,8695850,8695800,0,0,8715323,19822,16413,299,0,12425,2414306,2514890,13.2,0,0,7,9,0
8705,8705850,8705850,0,0,8725373,19822,16413,299,0,12593,18563,21389,13.2,0,0,7,9,0
8715,8715850,8715850,0,0,8735323,19822,16413,299,0,12722,19818,25085,13.2,0,0,7,9,0
8725,8725850,8725850,0,0,8745373,19822,16413,299,0,12114,18421,24944,13.2,0,0,7,9,0
8735,8735850,8735850,0,0,8755373,19822,16413,299,0,11932,16758,17261,13.2,0,0,7,9,0
8745,8745850,8745850,0,0,8765373,19822,16413,299,0,12873,17454,23242,13.2,0,0,7,9,0
8755,8755850,8755850,0,0,8775373,19822,16413,299,0,11459,16596,16936,13.2,0,0,7,9,0
8765,8765900,8765850,0,0,8785373,19822,16413,299,0,12521,17594,22581,12.8,0,0,7,9,0
8775,8775900,8775850,0,0,8795373,19822,16413,299,0,13409,17510,29512,12.5,0,0,7,9,0
8785,8785900,8785900,0,0,8805423,19822,16413,299,0,12260,17453,27867,12.5,0,0,7,9,0
8795,8795900,8795900,0,0,8815423,19822,16413,299,0,12673,17497,22772,12.5,0,0,7,9,0
8805,8805900,8805900,0,0,8825423,19822,16413,299,0,13249,17862,29669,12.5,0,0,7,9,0
8815,8815900,8815900,0,0,8835423,19822,16413,299,0,12531,17707,21253,12.0,0,0,7,9,0
8825,8825900,8825900,0,0,8845423,19822,16413,299,0,12473,18357,27040,12.0,0,0,7,9,0
8835,8835950,8835900,0,0,8855423,19822,16413,299,0,12129,17869,26207,11.9,0,0,7,9,0
8845,8845950,8845900,0,0,8865423,19822,16413,299,0,12888,17743,18214,11.9,0,0,7,9,0
8855,8855950,8855950,0,0,8875473,19822,16413,299,0,12003,23011,28582,11.7,0,0,7,9,0
8865,8865950,8865950,0,0,8885473,19822,16413,299,0,12574,17852,19477,11.7,0,0,7,9,0
8875,8875950,8875950,0,0,8895473,19822,16413,299,0,12475,17488,17684,11.6,0,0,7,9,0
8886,8885950,8885950,0,0,8905473,19822,16413,299,0,12069,18065,27336,11.6,0,0,7,9,0
8896,8895950,8895950,0,0,8915473,19822,16413,299,0,12376,17322,28512,11.5,0,0,7,9,0
8906,8906000,8905950,0,0,8925473,19822,16413,299,0,12823,17750,21156,11.5,0,0,7,9,0
8916,8916000,8916000,0,0,8935523,19822,16413,299,0,12335,18105,26839,11.5,0,0,7,9,0
8926,8926000,8926000,0,0,8945523,19822,16413,299,0,12355,22483,24588,10.4,0,0,7,9,0
8936,8936000,8936000,0,0,8955523,19822,16413,299,0,12619,18940,32079,10.4,0,0,7,9,0
8946,8946000,8946000,0,0,8965523,19822,16413,299,0,12646,17025,19250,10.4,0,0,7,9,0
8956,8956000,8956000,0,0,8975523,19822,16413,299,0,12613,17709,18763,10.4,0,0,7,9,0
8966,8966000,8966000,0,0,8985523,19822,16413,299,0,12199,19312,22396,10.4,0,0,7,9,0
8976,8976050,8976000,0,0,8995523,19822,16413,299,0,12711,17614,26806,10.4,0,0,7,9,0
8986,8986050,8986000,0,0,9005523,19822,16413,299,0,12252,16624,18626,10.6,0,0,7,9,0
8996,8996050,8996050,0,0,9015573,19822,16413,299,0,13039,17317,20852,10.7,0,0,7,9,0
9006,9006050,9006050,0,0,9025573,19822,16413,299,0,12778,17438,25231,11.6,0,0,5,10,0
9016,9016050,9016050,0,0,9035573,19822,16413,299,0,12088,19446,28956,11.5,0,0,5,10,0
9026,9026050,9026050,0,0,9045573,19822,16413,299,0,13053,19039,24767,11.5,0,0,5,10,0
9036,9036050,9036050,0,0,9055599,19889,16496,299,0,12433,154500,172920,12.0,0,0,5,10,0
9046,9046050,9046050,0,0,9065615,19889,16496,299,0,11718,17609,33245,11.9,0,0,5,10,0
9056,9056100,9056050,0,0,9075615,19889,16496,299,0,12331,17627,19964,11.9,0,0,5,10,0
9066,9066100,9066100,0,0,9085665,19889,16496,299,0,12970,18086,19264,11.8,0,0,5,10,0
9076,9076100,9076100,0,0,9095657,19889,16496,299,0,13159,18373,20652,11.8,0,0,5,10,0
9086,9086100,9086100,0,0,9105681,19889,16496,299,0,11826,18155,26534,11.4,0,0,5,10,0
9096,9096100,9096100,0,0,9115665,19889,16496,299,0,12871,18370,27058,11.3,0,0,5,10,0
9106,9106100,9106100,0,0,9125674,19889,16496,299,0,12308,23546,36628,11.3,0,0,5,10,0
9116,9116100,9116100,0,0,9135640,19889,16496,299,0,12033,16672,18861,11.3,0,0,5,10,0
9126,9126150,9126100,0,0,9145657,19889,16496,299,0,11313,18693,27779,11.1,0,0,5,10,0
9136,9136150,9136100,0,0,9155682,19889,16496,299,0,13098,17633,18408,10.9,0,0,5,10,0
9146,9146150,9146150,0,0,9165724,19889,16496,299,0,12472,17630,26428,10.9,0,0,5,10,0
9156,9156150,9156150,0,0,9175723,19889,16496,299,0,11788,18075,22399,10.9,0,0,5,10,0
9166,9166150,9166150,0,0,9185723,19889,16496,299,0,12766,16098,17267,10.7,0,0,5,10,0
9176,9176150,9176150,0,0,9195707,19889,16496,299,0,12563,16979,20531,10.7,0,0,5,10,0
9186,9186200,9186150,0,0,9205699,19889,16496,299,0,11607,17390,17896,10.7,0,0,5,10,0
9196,9196200,9196200,0,0,9215782,19889,16496,299,0,12797,16951,18373,10.7,0,0,5,10,0
9206,9206200,9206200,0,0,9225782,19889,16496,299,0,13362,17099,17301,10.7,0,0,5,10,0
9216,9216200,9216200,0,0,9235773,19889,16496,299,0,12208,26581,29238,10.7,0,0,5,10,0
9226,9226200,9226200,0,0,9245773,19889,16496,299,0,12628,17598,19489,10.7,0,0,5,10,0
9236,9236200,9236200,0,0,9255740,19889,16496,299,0,12083,17399,29326,10.7,0,0,5,10,0
9246,9246200,9246200,0,0,9265740,19889,16496,299,0,11784,16940,18684,10.7,0,0,5,10,0
9256,9256250,9256200,0,0,9275765,19889,16496,299,0,12193,16494,28292,10.7,0,0,5,10,0
9266,9266250,9266200,0,0,9285782,19889,16496,299,0,12831,19277,25405,10.7,0,0,5,10,0
9276,9276250,9276250,0,0,9295831,19889,16496,299,0,11100,16377,17141,10.7,0,0,5,10,0
9286,9286250,9286250,0,0,9305840,19889,17262,299,0,13865,950148,1037857,12.8,0,0,5,10,0
9296,9296250,9296250,0,0,9315840,19889,17262,299,0,13007,18285,19130,12.8,0,0,5,10,0
9306,9306250,9306250,0,0,9325840,19889,17262,299,0,12395,18683,23097,12.8,0,0,5,10,0
9316,9316250,9316250,0,0,9335840,19889,17262,299,0,12770,18493,19112,12.8,0,0,5,10,0
9326,9326300,9326250,0,0,9345840,19889,17262,299,0,12704,19678,23906,12.8,0,0,5,10,0
9336,9336300,9336250,0,0,9355840,19889,17262,299,0,12277,18091,24731,12.8,0,0,5,10,0
9346,9346300,9346300,0,0,9365890,19889,17262,299,0,12391,17688,18267,12.8,0,0,5,10,0
9356,9356300,9356300,0,0,9375890,19889,17262,299,0,11698,17239,18360,12.5,0,0,5,10,0
9366,9366300,9366300,0,0,9385890,19889,17262,299,0,12848,17694,27231,12.5,0,0,5,10,0
9376,9376300,9376300,0,0,9395890,19889,17262,299,0,12061,17259,25464,12.4,0,0,5,10,0
9386,9386300,9386300,0,0,9405890,19889,17262,299,0,12818,16836,27661,12.4,0,0,5,10,0
9396,9396300,9396300,0,0,9415890,19889,17262,299,0,13203,18088,27229,12.4,0,0,5,10,0
9406,9406300,9406300,0,0,9425890,19889,17262,299,0,12274,16680,18346,12.4,0,0,5,10,0
9416,9416350,9416300,0,0,9435890,19889,17262,299,0,11765,16847,18241,12.4,0,0,5,10,0
9426,9426350,9426300,0,0,9445890,19889,17262,299,0,12698,17004,28866,12.4,0,0,5,10,0
9436,9436350,9436350,0,0,9455940,19889,17262,299,0,12950,17415,23285,12.3,0,0,5,10,0
9446,9446350,9446350,0,0,9465915,19889,17262,299,0,12244,18053,25435,12.3,0,0,5,10,0
9456,9456350,9456350,0,0,9475940,19889,17262,299,0,12458,17775,18306,12.3,0,0,5,10,0
9466,9466350,9466350,0,0,9485940,19889,17262,299,0,12806,17157,19876,12.2,0,0,5,10,0
9476,9476350,9476350,0,0,9495940,19889,17262,299,0,12041,19259,25436,12.2,0,0,5,10,0
9486,9486350,9486350,0,0,9505940,19889,17262,299,0,12164,17319,19251,12.2,0,0,5,10,0
9496,9496400,9496350,0,0,9515940,19889,17262,299,0,12571,18117,26304,12.2,0,0,5,10,0
9506,9506400,9506350,0,0,9525940,19889,17262,299,0,12104,17462,21180,12.2,0,0,5,10,0
9516,9516400,9516400,0,0,9535990,19889,17262,299,0,11875,16899,26194,12.1,0,0,5,10,0
9526,9526400,9526400,0,0,9545990,19889,17262,299,0,12632,17262,30434,12.1,0,0,5,10,0
9536,9536400,9536400,0,0,9555990,19889,17262,299,0,12964,17176,20104,11.3,0,0,5,10,0
9546,9546400,9546400,0,0,9565990,19889,17262,299,0,11713,17567,21949,10.5,0,0,5,10,0
9556,9556400,9556400,0,0,9575990,19889,17262,299,0,12903,22755,31692,10.4,0,0,5,10,0
9566,9566400,9566400,0,0,9585990,19889,17262,299,0,13016,17221,17554,10.4,0,0,5,10,0
9576,9576450,9576400,0,0,9595990,19889,17262,299,0,11645,17188,26549,10.3,0,0,5,10,0
9586,9586450,9586400,0,0,9605990,19889,17262,299,0,11982,17013,19071,10.5,0,0,5,10,0
9596,9596450,9596400,0,0,9615990,19889,17262,299,0,13351,18862,25196,10.5,0,0,5,10,0
9606,9606450,9606450,0,0,9626040,19889,17262,299,0,12426,17631,19823,10.5,0,0,5,10,0
9616,9616450,9616450,0,0,9636040,19889,17262,299,0,12427,21399,27726,10.6,0,0,5,10,0
9626,9626450,9626450,0,0,9646040,19889,17262,299,0,12984,16203,16565,10.6,0,0,5,10,0
9636,9636450,9636450,0,0,9656040,19889,17262,299,0,11778,17144,28351,10.7,0,0,5,10,0
9646,9646450,9646450,0,0,9666040,19889,17262,299,0,12229,17558,18732,10.7,0,0,5,10,0
9656,9656500,9656450,0,0,9676040,19889,17262,299,0,13191,17254,21843,10.7,0,0,5,10,0
9666,9666500,9666500,0,0,9686090,19889,17262,299,0,12194,16498,16984,10.7,0,0,5,10,0
9676,9676500,9676500,0,0,9696090,19889,17262,299,0,12188,18129,26415,10.7,0,0,5,10,0
9686,9686500,9686500,0,0,9706425,20282,17762,324,0,12231,953331,1252916,12.1,0,0,7,10,0
9696,9696500,9696500,0,0,9716440,20282,17762,324,0,12518,17601,19119,12.1,0,0,7,10,0
9706,9706500,9706500,0,0,9726442,20282,17762,324,0,12710,17214,17895,12.1,0,0,7,10,0
9716,9716500,9716500,0,0,9736449,20282,17762,324,0,12289,17912,30387,12.1,0,0,7,10,0
9726,9726550,9726500,0,0,9746416,20282,17762,324,0,12970,16127,17639,12.1,0,0,7,10,0
9736,9736550,9736550,0,0,9756474,20282,17762,324,0,11287,22439,25222,11.7,0,0,7,10,0
9746,9746550,9746550,0,0,9766475,20282,17762,324,0,11634,17274,22151,11.7,0,0,7,10,0
9756,9756550,9756550,0,0,9776483,20282,17762,324,0,12067,17181,19801,11.7,0,0,7,10,0
9766,9766550,9766550,0,0,9786474,20282,17762,324,0,10669,17525,26133,11.4,0,0,7,10,0
9776,9776550,9776550,0,0,9796491,20282,17762,324,0,10347,16150,19880,11.4,0,0,7,10,0
9786,9786600,9786550,0,0,9806491,20282,17762,324,0,12029,18025,29120,11.4,0,0,7,10,0
9796,9796600,9796550,0,0,9816474,20282,17762,324,0,11535,17588,25959,11.4,0,0,7,10,0
9806,9806600,9806600,0,0,9826533,20282,17762,324,0,10936,23087,29238,11.5,0,0,7,10,0
9816,9816600,9816600,0,0,9836533,20282,17762,324,0,11880,17639,25260,11.5,0,0,7,10,0
9826,9826600,9826600,0,0,9846524,20282,17762,324,0,12022,16823,17383,11.4,0,0,7,10,0
9836,9836600,9836600,0,0,9856524,20282,17762,324,0,11357,16596,18549,11.4,0,0,7,10,0
9846,9846650,9846600,0,0,9866525,20282,17762,324,0,10697,16983,28800,11.4,0,0,7,10,0
9856,9856650,9856600,0,0,9876551,20282,17762,324,0,11888,17466,25786,11.4,0,0,7,10,0
9866,9866650,9866650,0,0,9886583,20282,17762,324,0,11576,16868,24421,11.4,0,0,7,10,0
9876,9876650,9876650,0,0,9896582,20282,17762,324,0,10349,16210,25316,10.6,0,0,7,10,0
9886,9886650,9886650,0,0,9906751,20425,18638,324,0,12304,1040669,1375555,12.9,0,0,9,10,0
9896,9896650,9896650,0,0,9916751,20425,18638,324,0,12478,20592,32371,12.8,0,0,9,10,0
9906,9906650,9906650,0,0,9926751,20425,18638,324,0,12138,19008,20184,13.7,0,0,5,11,0
9916,9916700,9916650,0,0,9936751,20425,18638,324,0,12592,19059,32353,13.6,0,0,5,11,0
9926,9926700,9926650,0,0,9946751,20425,18638,324,0,12276,18331,22727,13.6,0,0,5,11,0
9936,9936700,9936650,0,0,9956751,20425,18638,324,0,11723,17475,24696,13.6,0,0,5,11,0
9946,9946700,9946700,0,0,9966801,20425,18638,324,0,12500,17156,18107,13.4,0,0,5,11,0
9956,9956700,9956700,0,0,9976801,20425,18638,324,0,12368,17836,19994,13.4,0,0,5,11,0
9966,9966700,9966700,0,0,9986801,20425,18638,324,0,12430,20055,25530,13.4,0,0,5,11,0
9976,9976700,9976700,0,0,9996801,20425,18638,324,0,12253,17118,22090,13.3,0,0,5,11,0
9986,9986700,9986700,0,0,10006801,20425,18638,324,0,12826,17925,24549,13.1,0,0,5,11,0
9996,9996700,9996700,0,0,10016801,20425,18638,324,0,13032,17178,17360,13.0,0,0,5,11,0
10006,10006750,10006700,0,0,10026801,20425,18638,324,0,12060,17081,24069,13.0,0,0,5,11,0
10016,10016750,10016750,0,0,10036851,20425,18638,324,0,12621,17698,22264,13.0,0,0,5,11,0
10026,10026750,10026750,0,0,10046851,20425,18638,324,0,12971,20460,26319,13.0,0,0,5,11,0
10036,10036750,10036750,0,0,10056851,20425,18638,324,0,12196,16808,17523,11.2,0,0,5,11,0
10046,10046750,10046750,0,0,10066851,20425,18638,324,0,11992,17350,18791,11.2,0,0,5,11,0
10056,10056750,10056750,0,0,10076851,20425,18638,324,0,12796,17063,19940,11.2,0,0,5,11,0
10066,10066750,10066750,0,0,10086851,20425,18638,324,0,12353,17079,20340,11.2,0,0,5,11,0
10076,10076750,10076750,0,0,10096851,20425,18638,324,0,12182,17894,30408,10.7,0,0,5,11,0
10086,10086800,10086750,0,0,10106851,20425,18638,324,0,12243,18018,29662,10.4,0,0,5,11,0
10096,10096800,10096750,0,0,10116851,20425,18638,324,0,12275,17438,23160,10.4,0,0,5,11,0
10106,10106800,10106800,0,0,10126876,20425,18638,324,0,12189,17503,36597,10.3,0,0,5,11,0
10116,10116800,10116800,0,0,10136901,20425,18638,324,0,12301,16379,16900,10.3,0,0,5,11,0
10126,10126800,10126800,0,0,10146901,20425,18638,324,0,12492,16893,22090,10.3,0,0,5,11,0
10136,10136800,10136800,0,0,10156901,20425,18638,324,0,11886,17258,27621,10.3,0,0,5,11,0
10146,10146800,10146800,0,0,10166901,20425,18638,324,0,12392,17088,20527,10.3,0,0,5,11,0
10156,10156800,10156800,0,0,10176901,20425,18638,324,0,12604,17790,28747,10.3,0,0,5,11,0
10166,10166800,10166800,0,0,10186901,20425,18638,324,0,11770,17556,22848,10.3,0,0,5,11,0
10176,10176850,10176800,0,0,10196901,20425,18638,324,0,12688,17320,24378,10.3,0,0,5,11,0
10186,10186850,10186800,0,0,10206901,20425,18638,324,0,12898,18035,25021,10.5,0,0,5,11,0
10196,10196850,10196800,0,0,10216901,20425,18638,324,0,12211,18540,21158,10.5,0,0,5,11,0
10206,10206850,10206850,0,0,10226951,20425,18638,324,0,12329,18051,27886,10.6,0,0,5,11,0
10216,10216850,10216850,0,0,10236951,20425,18638,324,0,12690,17243,24043,10.5,0,0,5,11,0
10226,10226850,10226850,0,0,10246951,20425,18638,324,0,12193,17466,19145,10.6,0,0,5,11,0
10236,10236850,10236850,0,0,10256951,20425,18638,324,0,12398,17954,22827,10.7,0,0,5,11,0
10246,10246850,10246850,0,0,10266951,20425,18638,324,0,12644,20976,27202,10.7,0,0,5,11,0
10256,10256900,10256850,0,0,10276951,20425,18638,324,0,12393,17577,17852,10.7,0,0,5,11,0
10266,10266900,10266850,0,0,10286951,20425,18638,324,0,11997,17654,27041,10.7,0,0,5,11,0
10276,10276900,10276900,0,0,10297001,20425,18638,324,0,12542,16442,17135,10.7,0,0,5,11,0
10286,10286900,10286900,0,0,10307001,20425,18638,324,0,13083,19056,28082,10.7,0,0,5,11,0
10296,10296900,10296900,0,0,10317001,20425,18638,324,0,11832,16981,27231,10.7,0,0,5,11,0
10306,10306900,10306900,0,0,10327001,20425,18638,324,0,12779,17954,24711,10.7,0,0,5,11,0
10316,10316950,10316900,0,0,10337001,20425,18638,324,0,12546,16984,17266,10.7,0,0,5,11,0
10326,10326950,10326900,0,0,10347001,20425,18638,324,0,12228,22231,33436,10.7,0,0,5,11,0
10336,10336950,10336950,0,0,10357043,20442,18735,324,0,11782,430314,525013,12.1,0,0,5,11,0
10346,10346950,10346950,0,0,10367034,20442,18735,324,0,12860,18162,19713,12.2,0,0,5,11,0
10356,10356950,10356950,0,0,10377035,20442,18735,324,0,12784,17952,25631,12.2,0,0,5,11,0
10366,10366950,10366950,0,0,10387043,20442,18735,324,0,12561,19203,23772,12.2,0,0,5,11,0
10377,10376950,10376950,0,0,10397051,20442,18735,324,0,13058,18199,18949,12.2,0,0,5,11,0
10387,10387000,10386950,0,0,10407018,20442,18735,324,0,12563,19668,28039,11.8,0,0,5,11,0
10397,10397000,10396950,0,0,10417051,20442,18735,324,0,12380,17999,19795,11.7,0,0,5,11,0
10407,10407000,10407000,0,0,10427093,20442,18735,324,0,11368,20087,29074,11.7,0,0,5,11,0
10417,10417000,10417000,0,0,10437084,20442,18735,324,0,11713,17847,20061,11.6,0,0,5,11,0
10427,10427000,10427000,0,0,10447110,20442,18735,324,0,11566,18917,23082,11.6,0,0,5,11,0
10437,10437000,10437000,0,0,10457093,20442,18735,324,0,11325,18800,23392,11.6,0,0,5,11,0
10447,10447000,10447000,0,0,10467077,20442,18735,324,0,12371,16392,30317,11.6,0,0,5,11,0
10457,10457050,10457000,0,0,10477102,20442,18735,324,0,12778,18552,18750,11.4,0,0,5,11,0
10467,10467050,10467000,0,0,10487110,20442,18735,324,0,11346,18662,21539,11.4,0,0,5,11,0
10477,10477050,10477050,0,0,10497151,20442,18735,324,0,11632,19694,27737,11.4,0,0,5,11,0
10487,10487050,10487050,0,0,10507176,20459,18926,333,0,12738,1206155,1406495,12.5,0,0,5,11,0
10497,10497050,10497050,0,0,10517176,20459,18926,333,0,12402,19237,28076,12.4,0,0,5,11,0
10507,10507050,10507050,0,0,10527176,20459,18926,333,0,12699,22034,44314,12.3,0,0,5,11,0
10517,10517050,10517050,0,0,10537176,20459,18926,333,0,12901,17759,25230,12.2,0,0,5,11,0
10527,10527050,10527050,0,0,10547176,20459,18926,333,0,12319,18122,22827,12.2,0,0,5,11,0
10537,10537100,10537050,0,0,10557176,20459,18926,333,0,12090,19689,26365,12.2,0,0,5,11,0
10547,10547100,10547050,0,0,10567176,20459,18926,333,0,11898,17755,29747,12.1,0,0,5,11,0
10557,10557100,10557050,0,0,10577176,20459,18926,333,0,12278,18440,18648,12.0,0,0,5,11,0
10567,10567100,10567100,0,0,10587226,20459,18926,333,0,12510,18639,22535,12.0,0,0,5,11,0
10577,10577100,10577100,0,0,10597226,20459,18926,333,0,12531,16679,18020,12.0,0,0,5,11,0
10587,10587100,10587100,0,0,10607226,20459,18926,333,0,12985,17384,18483,12.0,0,0,5,11,0
10597,10597100,10597100,0,0,10617226,20459,18926,333,0,12158,16801,25533,12.0,0,0,5,11,0
10607,10607150,10607100,0,0,10627226,20459,18926,333,0,12237,19381,23942,12.0,0,0,5,11,0
10617,10617150,10617100,0,0,10637226,20459,18926,333,0,12967,17370,21218,12.0,0,0,5,11,0
10627,10627150,10627100,0,0,10647226,20459,18926,333,0,12109,20115,27311,12.0,0,0,5,11,0
10637,10637150,10637150,0,0,10657276,20459,18926,333,0,12232,19253,24962,12.0,0,0,5,11,0
10647,10647150,10647150,0,0,10667276,20459,18926,333,0,12519,18147,22393,12.0,0,0,5,11,0
10657,10657150,10657150,0,0,10677276,20459,18926,333,0,12383,18591,30054,11.5,0,0,5,11,0
10667,10667150,10667150,0,0,10687276,20459,18926,333,0,11964,17786,26754,11.5,0,0,5,11,0
10677,10677150,10677150,0,0,10697276,20459,18926,333,0,12739,17166,27473,11.4,0,0,5,11,0
10687,10687150,10687150,0,0,10707276,20459,18926,333,0,13032,18778,19430,10.8,0,0,5,11,0
10697,10697200,10697150,0,0,10717276,20459,18926,333,0,12354,18015,25478,10.8,0,0,5,11,0
10707,10707200,10707200,0,0,10727326,20459,18926,333,0,12711,17061,18529,10.8,0,0,5,11,0
10717,10717200,10717200,0,0,10737326,20459,18926,333,0,12281,17882,21643,10.8,0,0,5,11,0
10727,10727200,10727200,0,0,10747326,20459,18926,333,0,12011,17282,19268,10.4,0,0,5,11,0
10737,10737200,10737200,0,0,10757326,20459,18926,333,0,12004,18281,28978,10.3,0,0,5,11,0
10747,10747200,10747200,0,0,10767326,20459,18926,333,0,12454,17421,23852,10.4,0,0,5,11,0
10757,10757200,10757200,0,0,10777326,20459,18926,333,0,11915,17611,28319,10.4,0,0,5,11,0
10767,10767250,10767200,0,0,10787326,20459,18926,333,0,12356,17372,25324,10.4,0,0,5,11,0
10777,10777250,10777200,0,0,10797326,20459,18926,333,0,12884,17082,20836,10.4,0,0,5,11,0
10787,10787250,10787250,0,0,10807350,20459,18926,333,0,12658,16807,17011,10.7,0,0,5,11,0
10797,10797250,10797250,0,0,10817376,20459,18926,333,0,11861,16649,26204,10.7,0,0,5,11,0
10807,10807250,10807250,0,0,10827376,20459,18926,333,0,12719,17562,18304,11.2,0,0,3,12,0
10817,10817250,10817250,0,0,10837376,20459,18926,333,0,12760,20314,28426,11.2,0,0,3,12,0
10827,10827250,10827250,0,0,10847376,20459,18926,333,0,12344,17480,18066,11.2,0,0,3,12,0
10837,10837300,10837250,0,0,10857376,20459,18926,333,0,12916,17705,20468,11.2,0,0,3,12,0
10847,10847300,10847250,0,0,10867376,20459,18926,333,0,12782,17507,24249,11.2,0,0,3,12,0
10857,10857300,10857300,0,0,10877376,20459,18926,333,0,12595,17179,27211,11.2,0,0,3,12,0
10867,10867300,10867300,0,0,10887426,20459,18926,333,0,12456,18320,21556,11.1,0,0,3,12,0
10877,10877300,10877300,0,0,10897426,20459,18926,333,0,12758,18733,29223,11.1,0,0,3,12,0
10887,10887300,10887300,0,0,10907426,20459,18926,333,0,12097,17592,18036,11.1,0,0,3,12,0
10897,10897300,10897300,0,0,10917426,20459,18926,333,0,12283,17105,17731,11.1,0,0,3,12,0
10907,10907300,10907300,0,0,10927426,20459,18926,333,0,12588,19127,25599,10.9,0,0,3,12,0
10917,10917350,10917300,0,0,10937426,20459,18926,333,0,12516,16867,17073,10.9,0,0,3,12,0
10927,10927350,10927350,0,0,10947452,20459,18926,333,0,12004,24447,26669,10.9,0,0,3,12,0
10937,10937350,10937350,0,0,10957476,20459,18926,333,0,13030,17413,18326,10.9,0,0,3,12,0
10947,10947350,10947350,0,0,10967476,20459,18926,333,0,13180,19473,21743,10.9,0,0,3,12,0
10957,10957350,10957350,0,0,10977476,20459,18926,333,0,12448,17975,22640,10.9,0,0,3,12,0
10967,10967350,10967350,0,0,10987476,20459,18926,333,0,13269,17220,17694,10.9,0,0,3,12,0
10977,10977350,10977350,0,0,10997041,20492,18993,333,0,12291,17863,118024,11.1,0,0,3,12,0
10987,10987400,10987350,0,0,11002042,20492,18993,333,0,12354,18251,19060,11.0,0,0,3,12,0
10997,10997400,10997400,0,0,11007067,20492,18993,333,0,13758,17943,18240,11.0,0,0,3,12,0
11007,11007400,11007400,0,0,11012059,20492,18993,333,0,13688,18485,27454,11.0,0,0,3,12,0
11017,11017400,11017400,0,0,11017066,20492,18993,333,0,12985,17938,32651,11.0,0,0,3,12,0
11027,11027400,11027400,0,0,11022051,20492,18993,333,0,12022,17649,22740,11.0,0,0,3,12,0
11037,11037450,11037400,0,0,11057543,20492,18993,333,0,11774,21857,34541,15.8,0,0,5,12,0
11047,11047450,11047400,0,0,11067541,20492,18993,333,0,11358,17162,18569,15.7,0,0,5,12,0
11057,11057450,11057450,0,0,11077593,20492,18993,333,0,11694,18202,23051,15.7,0,0,5,12,0
11067,11067450,11067450,0,0,11087577,20492,18993,333,0,11579,18574,20817,15.7,0,0,5,12,0
11077,11077450,11077450,0,0,11097576,20492,18993,333,0,10845,16246,24443,14.7,0,0,5,12,0
11087,11087450,11087450,0,0,11108207,21090,19308,333,0,12864,1859929,2009378,16.5,0,0,7,12,0
11097,11097450,11097450,0,0,11118207,21090,19308,333,0,12490,19844,24587,16.2,0,0,7,12,0
11107,11107500,11107450,0,0,11128207,21090,19308,333,0,12791,17777,24803,16.0,0,0,7,12,0
11117,11117500,11117450,0,0,11138207,21090,19308,333,0,13178,18002,19355,15.9,0,0,7,12,0
11127,11127500,11127500,0,0,11148257,21090,19308,333,0,12633,18791,20503,15.8,0,0,7,12,0
11137,11137500,11137500,0,0,11158257,21090,19308,333,0,12339,20954,26672,15.7,0,0,7,12,0
11147,11147500,11147500,0,0,11168257,21090,19308,333,0,12379,17847,27750,15.6,0,0,7,12,0
11157,11157500,11157500,0,0,11178257,21090,19308,333,0,12082,17542,19802,15.4,0,0,7,12,0
11167,11167500,11167500,0,0,11188257,21090,19308,333,0,12301,17445,19098,15.4,0,0,7,12,0
11177,11177500,11177500,0,0,11198257,21090,19308,333,0,12710,18212,21999,15.5,0,0,7,12,0
11187,11187550,11187500,0,0,11208257,21090,19308,333,0,12938,17955,18571,15.5,0,0,7,12,0
11197,11197550,11197550,0,0,11218307,21090,19308,333,0,12311,17611,22527,12.8,0,0,7,12,0
11207,11207550,11207550,0,0,11228307,21090,19308,333,0,12536,18085,19404,12.8,0,0,7,12,0
11217,11217550,11217550,0,0,11238307,21090,19308,333,0,12120,21312,21943,12.9,0,0,7,12,0
11227,11227550,11227550,0,0,11248307,21090,19308,333,0,12515,17704,20510,11.9,0,0,7,12,0
11237,11237550,11237550,0,0,11258307,21090,19308,333,0,12640,20458,24523,11.9,0,0,7,12,0
11247,11247600,11247550,0,0,11268307,21090,19308,333,0,12172,17689,20192,11.6,0,0,7,12,0
11257,11257600,11257550,0,0,11278307,21090,19308,333,0,12617,19079,27441,11.4,0,0,7,12,0
11267,11267600,11267600,0,0,11288357,21090,19308,333,0,12696,17351,20158,11.3,0,0,7,12,0
11277,11277600,11277600,0,0,11298357,21090,19308,333,0,12837,19293,28444,11.3,0,0,7,12,0
11287,11287600,11287600,0,0,11308357,21090,19308,333,0,12424,17171,20464,11.2,0,0,7,12,0
11297,11297600,11297600,0,0,11318357,21090,19308,333,0,12673,17673,26845,11.2,0,0,7,12,0
11307,11307600,11307600,0,0,11328357,21090,19308,333,0,12987,17189,17884,11.2,0,0,7,12,0
11317,11317648,11317600,0,0,11338357,21090,19308,333,0,12320,16655,16877,11.2,0,0,7,12,0
11327,11327650,11327600,0,0,11348357,21090,19308,333,0,13100,19949,22378,10.8,0,0,7,12,0
11337,11337650,11337650,0,0,11358407,21090,19308,333,0,12757,16792,28710,10.8,0,0,7,12,0
11347,11347650,11347650,0,0,11368407,21090,19308,333,0,12808,17934,19242,10.7,0,0,7,12,0
11357,11357650,11357650,0,0,11378407,21090,19308,333,0,12396,17118,19162,10.7,0,0,7,12,0
11367,11367650,11367650,0,0,11388407,21090,19308,333,0,12763,17415,24341,10.7,0,0,7,12,0
11377,11377650,11377650,0,0,11398407,21090,19308,333,0,12373,17167,18048,10.7,0,0,7,12,0
11387,11387700,11387650,0,0,11408407,21090,19308,333,0,11651,16874,18329,11.0,0,0,7,12,0
11397,11397700,11397650,0,0,11418407,21090,19308,333,0,12825,17476,19405,11.0,0,0,7,12,0
11407,11407700,11407700,0,0,11428457,21090,19308,333,0,12281,19018,23190,11.0,0,0,7,12,0
11417,11417700,11417700,0,0,11438457,21090,19308,333,0,12445,18271,24424,11.0,0,0,7,12,0
11427,11427700,11427700,0,0,11448457,21090,19308,333,0,12560,18743,24766,11.0,0,0,7,12,0
11437,11437700,11437700,0,0,11458457,21090,19308,333,0,12131,17265,18195,11.0,0,0,7,12,0
11447,11447700,11447700,0,0,11468457,21090,19308,333,0,12326,19695,28387,11.0,0,0,7,12,0
11457,11457750,11457700,0,0,11478457,21090,19308,333,0,12316,17576,19796,11.0,0,0,7,12,0
11467,11467750,11467700,0,0,11488457,21090,19308,333,0,12450,16845,28135,10.6,0,0,7,12,0
11477,11477750,11477750,0,0,11498457,21090,19308,333,0,12714,17689,27245,10.6,0,0,7,12,0
11487,11487750,11487700,0,0,11508457,21090,19308,333,0,12266,17197,17350,10.6,0,0,7,12,0
11497,11497750,11497750,0,0,11518507,21090,19308,333,0,12118,17141,30092,10.6,0,0,7,12,0
11507,11507750,11507750,0,0,11528507,21090,19308,333,0,12443,18272,24368,10.7,0,0,7,12,0
11517,11517750,11517750,0,0,11538507,21090,19308,333,0,12607,17140,18986,10.7,0,0,7,12,0
11527,11527800,11527750,0,0,11548507,21090,19308,333,0,13044,17548,32348,10.6,0,0,7,12,0
11537,11537800,11537750,0,0,11558507,21090,19308,333,0,12215,17491,22920,10.6,0,0,7,12,0
11547,11547800,11547750,0,0,11568507,21090,19308,333,0,12754,17102,17736,10.6,0,0,7,12,0
11557,11557800,11557800,0,0,11578557,21090,19308,333,0,12306,18805,29371,10.6,0,0,7,12,0
11567,11567800,11567800,0,0,11588557,21090,19308,333,0,12657,16781,21903,10.6,0,0,7,12,0
11577,11577800,11577800,0,0,11598557,21090,19308,333,0,12608,18505,26061,10.6,0,0,7,12,0
11587,11587800,11587800,0,0,11608557,21090,19308,333,0,12870,17000,28542,10.4,0,0,7,12,0
11597,11597800,11597800,0,0,11618557,21090,19308,333,0,12502,16885,21480,10.4,0,0,7,12,0
11607,11607850,11607800,0,0,11628557,21090,19308,333,0,12675,18014,18626,10.4,0,0,7,12,0
11617,11617850,11617850,0,0,11638607,21090,19308,333,0,12319,23631,25497,10.4,0,0,7,12,0
11627,11627850,11627850,0,0,11648633,21132,19416,333,0,12921,225488,373651,11.5,0,0,7,12,0
11637,11637850,11637850,0,0,11658624,21132,19416,333,0,12999,18865,20382,11.5,0,0,7,12,0
11647,11647850,11647850,0,0,11668641,21132,19416,333,0,13063,17687,20950,11.5,0,0,7,12,0
11657,11657850,11657850,0,0,11678632,21132,19416,333,0,13648,18839,25029,11.6,0,0,7,12,0
11667,11667900,11667850,0,0,11688624,21132,19416,333,0,13287,18893,19146,11.6,0,0,7,12,0
11677,11677900,11677850,0,0,11698599,21132,19416,333,0,12625,22595,51475,10.2,0,0,7,12,0
11687,11687900,11687850,0,0,11709112,21619,19750,357,0,14292,1718967,1878840,12.4,0,0,7,12,0
11697,11697900,11697900,0,0,11719162,21619,19750,357,0,13014,24109,43273,12.4,0,0,7,12,0
11707,11707900,11707900,0,0,11729137,21619,19750,357,0,12991,23618,35014,12.5,0,0,5,13,0
11717,11717900,11717900,0,0,11739162,21619,19750,357,0,12943,20691,22146,12.5,0,0,5,13,0
11727,11727900,11727900,0,0,11749162,21619,19750,357,0,12890,22715,23540,12.4,0,0,5,13,0
11737,11737900,11737900,0,0,11759162,21619,19750,357,0,13266,24247,29704,12.5,0,0,5,13,0
11747,11747900,11747900,0,0,11769162,21619,19750,357,0,13161,23918,25192,12.5,0,0,5,13,0
11757,11757950,11757900,0,0,11779162,21619,19750,357,0,12676,21363,21842,12.5,0,0,5,13,0
11767,11767950,11767950,0,0,11789188,21619,19750,357,0,13463,18210,23461,12.5,0,0,5,13,0
11777,11777950,11777950,0,0,11799212,21619,19750,357,0,13689,18941,21036,12.4,0,0,5,13,0
11787,11787950,11787950,0,0,11809212,21619,19750,357,0,13478,21499,29237,12.4,0,0,5,13,0
11797,11797950,11797950,0,0,11819212,21619,19750,357,0,13656,20432,23304,12.4,0,0,5,13,0
11808,11807950,11807950,0,0,11829212,21619,19750,357,0,13912,19918,23720,12.4,0,0,5,13,0
11818,11817950,11817950,0,0,11839212,21619,19750,357,0,13383,21536,25543,12.3,0,0,5,13,0
11828,11828000,11827950,0,0,11849212,21619,19750,357,0,14246,21012,26812,12.2,0,0,5,13,0
11838,11838000,11837950,0,0,11859212,21619,19750,357,0,13811,23096,32491,12.2,0,0,5,13,0
11848,11848000,11847950,0,0,11869212,21619,19750,357,0,13175,24961,32933,12.2,0,0,5,13,0
11858,11858000,11858000,0,0,11879262,21619,19750,357,0,13515,18286,19702,10.6,0,0,5,13,0
11868,11868000,11868000,0,0,11889262,21619,19750,357,0,13966,18403,22313,10.6,0,0,5,13,0
11878,11878000,11878000,0,0,11899262,21619,19750,357,0,13208,18518,19634,10.6,0,0,5,13,0
11888,11888000,11888000,0,0,11909262,21619,19750,357,0,13340,17533,24181,10.6,0,0,5,13,0
11898,11898000,11898000,0,0,11919262,21619,19750,357,0,13540,17365,18718,10.5,0,0,5,13,0
11908,11908050,11908000,0,0,11929262,21619,19750,357,0,13052,17081,28343,10.2,0,0,5,13,0
11918,11918050,11918000,0,0,11939262,21619,19750,357,0,12831,17760,19872,10.3,0,0,5,13,0
11928,11928050,11928050,0,0,11949312,21619,19750,357,0,13054,18720,28169,10.3,0,0,5,13,0
11938,11938050,11938050,0,0,11959312,21619,19750,357,0,12683,17891,22637,10.3,0,0,5,13,0
11948,11948050,11948050,0,0,11969312,21619,19750,357,0,12630,17317,18531,10.3,0,0,5,13,0
11958,11958050,11958050,0,0,11979312,21619,19750,357,0,12840,18545,26853,10.3,0,0,5,13,0
11968,11968050,11968050,0,0,11989312,21619,19750,357,0,12925,17385,19912,10.3,0,0,5,13,0
11978,11978100,11978050,0,0,11999312,21619,19750,357,0,12889,17551,31408,10.3,0,0,5,13,0
11988,11988100,11988050,0,0,12009312,21619,19750,357,0,13434,17570,21574,10.6,0,0,5,13,0
11998,11998100,11998050,0,0,12019312,21619,19750,357,0,12903,18108,24625,10.6,0,0,5,13,0
12008,12008100,12008100,0,0,12029362,21619,19750,357,0,12506,17041,18099,10.6,0,0,5,13,0
12018,12018100,12018100,0,0,12039362,21619,19750,357,0,12942,17117,18171,10.6,0,0,5,13,0
12028,12028100,12028100,0,0,12049362,21619,19750,357,0,13319,18452,20971,10.6,0,0,5,13,0
12038,12038100,12038100,0,0,12059362,21619,19750,357,0,12701,18302,27732,10.6,0,0,5,13,0
12048,12048150,12048100,0,0,12069362,21619,19750,357,0,12765,17742,24326,10.6,0,0,5,13,0
12058,12058150,12058100,0,0,12079362,21619,19750,357,0,12982,17875,25803,10.6,0,0,5,13,0
12068,12068150,12068150,0,0,12089412,21619,19750,357,0,12497,18428,25663,10.5,0,0,5,13,0
12078,12078150,12078150,0,0,12099412,21619,19750,357,0,12304,17821,20240,10.5,0,0,5,13,0
12088,12088150,12088150,0,0,12109412,21619,19750,357,0,13702,18089,19503,10.5,0,0,5,13,0
12098,12098150,12098150,0,0,12119412,21619,19750,357,0,12304,17320,21902,10.5,0,0,5,13,0
12108,12108150,12108150,0,0,12129412,21619,19750,357,0,12334,17462,20027,10.5,0,0,5,13,0
12118,12118150,12118150,0,0,12139412,21619,19750,357,0,12940,16851,17118,10.5,0,0,5,13,0
12128,12128150,12128150,0,0,12149412,21619,19750,357,0,12352,20007,26527,10.5,0,0,5,13,0
12138,12138200,12138150,0,0,12159412,21619,19750,357,0,12482,17804,18240,10.5,0,0,5,13,0
12148,12148200,12148200,0,0,12169462,21619,19750,357,0,13025,17985,24331,10.5,0,0,5,13,0
12158,12158200,12158200,0,0,12179462,21619,19750,357,0,12407,16999,22442,10.6,0,0,5,13,0
12168,12168200,12168200,0,0,12189462,21619,19750,357,0,12039,19270,21976,10.5,0,0,5,13,0
12178,12178200,12178200,0,0,12199462,21619,19750,357,0,12127,22448,33912,10.5,0,0,5,13,0
12188,12188200,12188200,0,0,12209462,21619,19750,357,0,13453,17483,27860,10.5,0,0,5,13,0
12198,12198200,12198200,0,0,12219462,21619,19750,357,0,13001,17404,24134,10.5,0,0,5,13,0
12208,12208250,12208200,0,0,12229462,21619,19750,357,0,12446,17626,30163,10.5,0,0,5,13,0
12218,12218250,12218250,0,0,12239512,21619,19750,357,0,13298,17011,30518,10.5,0,0,5,13,0
12228,12228250,12228250,0,0,12249512,21619,19750,357,0,12767,17419,26110,10.5,0,0,5,13,0
12238,12238250,12238250,0,0,12259512,21619,19750,357,0,11797,16931,26372,10.5,0,0,5,13,0
12248,12248250,12248250,0,0,12269512,21619,19750,357,0,13071,17800,21451,10.2,0,0,5,13,0
12258,12258250,12258250,0,0,12279512,21619,19750,357,0,12948,18356,28522,10.2,0,0,5,13,0
12268,12268250,12268250,0,0,12289512,21619,19750,357,0,12132,17849,25724,10.2,0,0,5,13,0
12278,12278300,12278250,0,0,12299564,21720,19848,382,0,11580,519929,902088,12.0,0,0,7,13,0
12288,12288300,12288300,0,0,12309597,21720,19848,382,0,13124,17612,28283,12.0,0,0,7,13,0
12298,12298300,12298300,0,0,12319605,21720,19848,382,0,12802,17020,23149,11.9,0,0,7,13,0
12308,12308300,12308300,0,0,12329604,21720,19848,382,0,12866,17975,19299,11.9,0,0,7,13,0
12318,12318300,12318300,0,0,12339605,21720,19848,382,0,13011,19516,28834,11.9,0,0,7,13,0
12328,12328300,12328300,0,0,12349605,21720,19848,382,0,11302,16570,27341,11.9,0,0,7,13,0
12338,12338350,12338300,0,0,12359620,21720,19848,382,0,11583,17214,26556,12.0,0,0,7,13,0
12348,12348350,12348300,0,0,12369597,21720,19848,382,0,11417,17347,27586,12.0,0,0,7,13,0
12358,12358350,12358300,0,0,12379631,21720,19848,382,0,11106,21409,21880,11.9,0,0,7,13,0
12368,12368350,12368350,0,0,12389672,21720,19848,382,0,11265,17602,23280,11.8,0,0,7,13,0
12378,12378350,12378350,0,0,12399672,21720,19848,382,0,10978,17761,28276,11.8,0,0,7,13,0
12388,12388350,12388350,0,0,12409663,21720,19848,382,0,11740,18196,20806,11.9,0,0,7,13,0
12398,12398350,12398350,0,0,12419655,21720,19848,382,0,10832,17225,21261,11.9,0,0,7,13,0
12408,12408400,12408350,0,0,12429681,21720,19848,382,0,11475,19726,20104,11.9,0,0,7,13,0
12418,12418400,12418400,0,0,12439722,21720,19848,382,0,12136,18595,19461,11.9,0,0,7,13,0
12428,12428400,12428400,0,0,12449722,21720,19848,382,0,11345,17699,18190,11.9,0,0,7,13,0
12438,12438400,12438400,0,0,12459714,21720,19848,382,0,11000,17936,22014,11.8,0,0,7,13,0
12448,12448400,12448400,0,0,12469696,21720,19848,382,0,11617,18788,27146,11.8,0,0,7,13,0
12458,12458400,12458400,0,0,12479721,21720,19848,382,0,11454,17763,20331,11.8,0,0,7,13,0
12468,12468450,12468400,0,0,12489721,21720,19848,382,0,11103,19467,28531,10.6,0,0,7,13,0
12478,12478450,12478450,0,0,12499763,21720,19848,382,0,11293,17632,22968,10.6,0,0,7,13,0
12488,12488450,12488400,0,0,12509721,21720,19848,382,0,11771,20153,28293,10.5,0,0,7,13,0
12498,12498450,12498450,0,0,12519771,21720,19848,382,0,11839,18720,21330,10.5,0,0,7,13,0
12508,12508450,12508450,0,0,12529755,21720,19848,382,0,11889,17932,30371,10.5,0,0,7,13,0
12518,12518450,12518450,0,0,12539762,21720,19848,382,0,12399,18769,26443,10.5,0,0,7,13,0
12528,12528450,12528450,0,0,12549739,21720,19848,382,0,10257,16316,17931,10.5,0,0,7,13,0
12538,12538500,12538450,0,0,12559772,21720,19848,382,0,11540,16732,24207,10.5,0,0,7,13,0
12548,12548500,12548450,0,0,12569754,21720,19848,382,0,12321,18992,20116,10.5,0,0,7,13,0
12558,12558500,12558450,0,0,12579755,21720,19848,382,0,11655,16965,23393,10.5,0,0,7,13,0
12568,12568500,12568500,0,0,12589813,21720,19848,382,0,11171,16606,21899,10.5,0,0,7,13,0
12578,12578500,12578500,0,0,12599830,21720,19848,382,0,12534,17426,22825,10.8,0,0,7,13,0
12588,12588500,12588500,0,0,12609988,21870,20336,382,0,12692,1284652,1631149,12.5,0,0,9,13,0
12598,12598500,12598500,0,0,12619988,21870,20336,382,0,12265,17891,18060,12.5,0,0,9,13,0
12608,12608500,12608500,0,0,12629988,21870,20336,382,0,12374,17804,23068,13.2,0,0,5,14,0
12618,12618550,12618500,0,0,12639955,21870,20336,382,0,12300,461657,557364,13.2,0,0,5,14,0
12628,12628550,12628500,0,0,12650492,22414,20875,406,0,12488,1456495,1710726,13.1,0,0,5,14,0
12638,12638550,12638550,0,0,12660524,22414,20875,406,0,11849,18135,34023,12.9,0,0,5,14,0
12648,12648550,12648550,0,0,12670516,22414,20875,406,0,12164,20657,27271,11.0,0,0,5,14,0
12658,12658550,12658550,0,0,12680542,22414,20875,406,0,10871,17359,21276,11.0,0,0,5,14,0
12668,12668550,12668550,0,0,12690533,22414,20875,406,0,11341,16841,22387,10.5,0,0,5,14,0
12678,12678550,12678550,0,0,12700542,22414,20875,406,0,13370,17795,18326,10.5,0,0,5,14,0
12688,12688600,12688550,0,0,12710541,22414,20875,406,0,11797,18516,25713,10.4,0,0,5,14,0
12698,12698600,12698600,0,0,12720591,22414,20875,406,0,12516,18815,19603,10.3,0,0,5,14,0
12708,12708600,12708600,0,0,12730592,22414,20875,406,0,11794,18061,36480,10.3,0,0,5,14,0
12718,12718600,12718600,0,0,12740576,22414,20875,406,0,12472,17389,18374,10.4,0,0,5,14,0
12728,12728600,12728600,0,0,12750583,22414,20875,406,0,12167,16325,16465,10.4,0,0,5,14,0
12738,12738650,12738600,0,0,12760574,22414,20875,406,0,13100,16884,24540,10.4,0,0,5,14,0
12748,12748650,12748600,0,0,12770591,22414,20875,406,0,12753,16620,17787,10.4,0,0,5,14,0
12758,12758650,12758650,0,0,12780642,22414,20875,406,0,12467,17241,19093,10.4,0,0,5,14,0
12768,12768650,12768650,0,0,12790641,22414,20875,406,0,13613,19114,19472,10.4,0,0,5,14,0
12778,12778650,12778650,0,0,12800634,22414,20875,406,0,13178,17362,19589,10.4,0,0,5,14,0
12788,12788650,12788650,0,0,12810633,22414,20875,406,0,12223,18401,19942,10.4,0,0,5,14,0
12798,12798700,12798650,0,0,12820633,22414,20875,406,0,13297,18342,18880,10.4,0,0,5,14,0
12808,12808700,12808650,0,0,12830642,22414,20875,406,0,12725,18630,26362,10.4,0,0,5,14,0
12818,12818700,12818700,0,0,12840657,22414,20875,406,0,12309,18483,20125,10.4,0,0,5,14,0
12828,12828700,12828700,0,0,12850675,22414,20875,406,0,12754,18519,19457,10.4,0,0,5,14,0
12838,12838700,12838700,0,0,12860691,22414,20875,406,0,13486,19041,20289,10.4,0,0,5,14,0
12848,12848700,12848700,0,0,12870674,22414,20875,406,0,12827,18087,20915,10.4,0,0,5,14,0
12858,12858700,12858700,0,0,12880691,22414,20875,406,0,11431,18049,24333,10.4,0,0,5,14,0
12868,12868750,12868700,0,0,12890683,22414,20875,406,0,12893,18592,20233,10.4,0,0,5,14,0
12878,12878750,12878700,0,0,12900666,22414,20875,406,0,12628,18944,27277,10.5,0,0,5,14,0
12888,12888750,12884100,0,0,12906108,22414,20875,406,0,12259,18333,18702,15.2,0,0,5,14,0
12898,12898750,12884100,0,0,12906108,22414,20875,406,0,0,0,0,26.0,0,0,5,14,0
12908,12904101,12884100,0,0,12906108,22414,20875,406,0,0,0,0,31.6,0,0,5,14,0
12918,12904101,12884100,0,0,12906108,22414,20875,406,0,0,0,0,31.6,0,0,5,14,0
12928,12904101,12884100,0,0,12906108,22414,20875,406,0,0,0,0,31.8,0,0,5,14,0
12938,12904101,12884100,0,0,12906108,22414,20875,406,0,0,0,0,31.7,0,0,5,14,0
12948,12904101,12884100,0,0,12906108,22414,20875,406,0,0,0,0,31.7,0,0,5,14,0
12958,12904101,12884100,0,0,12906108,22414,20875,406,0,0,0,0,31.7,0,0,5,14,0
12968,12904101,12884100,0,0,12906108,22414,20875,406,0,0,0,0,31.8,0,0,5,14,0
12978,12904101,12884100,0,0,12906108,22414,20875,406,0,0,0,0,14.5,0,0,5,14,0
12988,12904101,12884100,0,0,12906108,22414,20875,406,0,0,0,0,14.5,0,0,5,14,0
12998,12904101,12884100,0,0,12906108,22414,20875,406,0,0,0,0,14.5,0,0,5,14,1
13008,12904151,12884100,0,50,12906108,22414,20875,406,0,0,0,0,14.6,0,0,5,14,1
13018,12904151,12884100,0,50,12906108,22414,20875,406,0,0,0,0,14.6,0,0,5,16,1
13028,12904151,12884100,0,50,12906108,22414,20875,406,0,0,0,0,14.6,0,0,5,16,1
13038,12904337,12884100,0,236,12906108,22414,20875,406,0,0,0,0,14.6,0,0,5,16,1
13048,12904337,12884100,0,236,12906108,22414,20875,406,0,0,0,0,14.6,0,0,5,16,1
13058,12904337,12884100,0,236,12906108,22414,20875,406,0,0,0,0,14.6,0,0,0,16,1
13068,12904337,12884100,0,236,12906108,22414,20875,406,0,0,0,0,14.6,0,0,0,16,1
13078,12904523,12884100,0,422,12906108,22414,20875,406,0,0,0,0,14.6,0,0,0,16,1
13088,12904523,12884100,0,422,12906108,22414,20875,406,0,0,0,0,14.6,0,0,0,16,2
13098,12904523,12884100,0,422,12906108,22414,20875,406,0,0,0,0,14.6,0,0,0,16,2
13108,12904709,12884100,0,608,12906108,22414,20875,406,0,0,0,0,14.6,0,0,0,16,2
13119,12904709,12884100,0,608,12906108,22414,20875,406,0,0,0,0,14.6,0,0,0,18,2
13129,12904709,12884100,0,608,12906108,22414,20875,406,0,0,0,0,14.6,0,0,0,18,2
13139,12904895,12884100,0,794,12906108,22414,20875,406,0,0,0,0,14.5,0,0,0,18,2
13149,12904895,12884100,0,794,12906108,22414,20875,406,0,0,0,0,14.5,0,0,0,18,2
13159,12904895,12884100,0,794,12906108,22414,20875,406,0,0,0,0,14.4,0,0,0,18,2
13169,12905081,12884100,0,980,12906108,22414,20875,406,0,0,0,0,14.4,0,0,0,18,2
13179,12905081,12884100,0,980,12906108,22414,20875,406,0,0,0,0,14.4,0,0,0,18,2
13189,12905081,12884100,0,980,12906108,22414,20875,406,0,0,0,0,14.4,0,0,0,18,3
13199,12905267,12884100,0,1166,12906108,22414,20875,406,0,0,0,0,14.4,0,0,0,18,3
13209,12905267,12884100,0,1166,12906108,22414,20875,406,0,0,0,0,14.4,0,0,0,18,3
13219,12905267,12884100,0,1166,12906108,22414,20875,406,0,0,0,0,14.4,0,0,0,20,3
13229,12905267,12884100,0,1166,12906108,22414,20875,406,0,0,0,0,14.4,0,0,0,20,3
13239,12905267,12884100,0,1166,12906108,22414,20875,406,0,0,0,0,14.4,0,0,0,20,3
13249,12905267,12884100,0,1166,12906108,22414,20875,406,0,0,0,0,14.4,0,0,0,20,3
13259,12905453,12884100,0,1352,12906108,22414,20875,406,0,0,0,0,14.3,0,0,0,20,3
13269,12905453,12884100,0,1352,12906108,22414,20875,406,0,0,0,0,14.3,0,0,0,20,3
13279,12905453,12884100,0,1352,12906108,22414,20875,406,0,0,0,0,12.3,0,0,0,22,4
13289,12905453,12884100,0,1352,12906108,22414,20875,406,0,0,0,0,12.3,0,0,0,22,4
13299,12905453,12884100,0,1352,12906108,22414,20875,406,0,0,0,0,12.3,0,0,0,22,4
13309,12905453,12884100,0,1352,12906108,22414,20875,406,0,0,0,0,12.3,0,0,0,22,4
13319,12905453,12884100,0,1352,12906108,22414,20875,406,0,0,0,0,12.3,0,0,0,22,4
13329,12905639,12884100,0,1538,12906108,22414,20875,406,0,0,0,0,12.5,0,0,0,22,4
13339,12905639,12884100,0,1538,12906108,22414,20875,406,0,0,0,0,12.5,0,0,0,22,4
13349,12905639,12884100,0,1538,12906108,22414,20875,406,0,0,0,0,12.5,0,0,0,22,4
13359,12905639,12884100,0,1538,12906108,22414,20875,406,0,0,0,0,12.5,0,0,0,22,4
13369,12905639,12884100,0,1538,12906108,22414,20875,406,0,0,0,0,12.5,0,0,0,22,5
13379,12905639,12884100,0,1538,12906108,22414,20875,406,0,0,0,0,12.5,0,0,0,24,5
13389,12905825,12884100,0,1724,12906108,22414,20875,406,0,0,0,0,12.6,0,0,0,24,5
13399,12905825,12884100,0,1724,12906108,22414,20875,406,0,0,0,0,12.6,0,0,0,24,5
13409,12905825,12884100,0,1724,12906108,22414,20875,406,0,0,0,0,12.6,0,0,0,24,5
13419,12905825,12884100,0,1724,12906108,22414,20875,406,0,0,0,0,12.6,0,0,0,24,5
13429,12905825,12884100,0,1724,12906108,22414,20875,406,0,0,0,0,12.7,0,0,0,24,5
13439,12905825,12884100,0,1724,12906108,22414,20875,406,0,0,0,0,12.7,0,0,0,24,5
13449,12906011,12884100,0,1910,12906108,22414,20875,406,0,0,0,0,12.8,0,0,0,24,5
13459,12906011,12884100,0,1910,12906108,22414,20875,406,0,0,0,0,12.8,0,0,0,24,6
13469,12906011,12884100,0,1910,12906108,22414,20875,406,0,0,0,0,12.8,0,0,0,26,6
13479,12906011,12884100,0,1910,12906108,22414,20875,406,0,0,0,0,12.8,0,0,0,26,6
13489,12906011,12884100,0,1910,12906108,22414,20875,406,0,0,0,0,12.8,0,0,0,26,6
13499,12906011,12884100,0,1910,12906108,22414,20875,406,0,0,0,0,12.8,0,0,0,26,6
13509,12906197,12884100,0,2096,12906108,22414,20875,406,0,0,0,0,13.0,0,0,0,26,6
13519,12906197,12884100,0,2096,12906108,22414,20875,406,0,0,0,0,13.0,0,0,0,26,6
13529,12906197,12884100,0,2096,12906108,22414,20875,406,0,0,0,0,13.0,0,0,0,26,6
13539,12906197,12884100,0,2096,12906108,22414,20875,406,0,0,0,0,12.7,0,0,0,27,6
13549,12906197,12884100,0,2096,12906108,22414,20875,406,0,0,0,0,12.7,0,0,0,27,7
13559,12906197,12884100,0,2096,12906108,22414,20875,406,0,0,0,0,12.7,0,0,0,27,7
13569,12906383,12884100,0,2282,12906108,22414,20875,406,0,0,0,0,12.9,0,0,0,29,7
13579,12906383,12884100,0,2282,12906108,22414,20875,406,0,0,0,0,12.8,0,0,0,29,7
13589,12906383,12884100,0,2282,12906108,22414,20875,406,0,0,0,0,12.8,0,0,0,29,7
13599,12906383,12884100,0,2282,12906108,22414,20875,406,0,0,0,0,12.8,0,0,0,29,7
13609,12906383,12884100,0,2282,12906108,22414,20875,406,0,0,0,0,12.8,0,0,0,29,7
13619,12906383,12884100,0,2282,12906108,22414,20875,406,0,0,0,0,12.8,0,0,0,29,7
13629,12906569,12884100,0,2468,12906108,22414,20875,406,0,0,0,0,12.9,0,0,0,29,7
13639,12906569,12884100,0,2468,12906108,22414,20875,406,0,0,0,0,11.5,0,0,0,29,8
13649,12906569,12884100,0,2468,12906108,22414,20875,406,0,0,0,0,11.5,0,0,0,29,8
13659,12906569,12884100,0,2468,12906108,22414,20875,406,0,0,0,0,11.5,0,0,0,30,8
13669,12906569,12884100,0,2468,12906108,22414,20875,406,0,0,0,0,11.5,0,0,0,31,8
13679,12906569,12884100,0,2468,12906108,22414,20875,406,0,0,0,0,11.5,0,0,0,31,8
13689,12906569,12884100,0,2468,12906108,22414,20875,406,0,0,0,0,11.5,0,0,0,31,8
13699,12906755,12884100,0,2654,12906108,22414,20875,406,0,0,0,0,11.7,0,0,0,31,8
13709,12906755,12884100,0,2654,12906108,22414,20875,406,0,0,0,0,11.7,0,0,0,31,8
13719,12906755,12884100,0,2654,12906108,22414,20875,406,0,0,0,0,11.7,0,0,0,31,8
13729,12906755,12884100,0,2654,12906108,22414,20875,406,0,0,0,0,11.7,0,0,0,33,9
13739,12906755,12884100,0,2654,12906108,22414,20875,406,0,0,0,0,11.7,0,0,0,33,9
13749,12906755,12884100,0,2654,12906108,22414,20875,406,0,0,0,0,11.7,0,0,0,33,9
13759,12906941,12884100,0,2840,12906108,22414,20875,406,0,0,0,0,11.9,0,0,0,33,9
13769,12906941,12884100,0,2840,12906108,22414,20875,406,0,0,0,0,11.9,0,0,0,33,9
13779,12906941,12884100,0,2840,12906108,22414,20875,406,0,0,0,0,11.9,0,0,0,33,9
13789,12906941,12884100,0,2840,12906108,22414,20875,406,0,0,0,0,11.9,0,0,0,33,9
13799,12906941,12884100,0,2840,12906108,22414,20875,406,0,0,0,0,11.9,0,0,0,33,9
13809,12906941,12884100,0,2840,12906108,22414,20875,406,0,0,0,0,11.9,0,0,0,33,9
13819,12907127,12884100,0,3026,12906108,22414,20875,406,0,0,0,0,12.1,0,0,0,33,10
13829,12907127,12884100,0,3026,12906108,22414,20875,406,0,0,0,0,12.1,0,0,0,34,10
13839,12907127,12884100,0,3026,12906108,22414,20875,406,0,0,0,0,12.1,0,0,0,35,10
13849,12907127,12884100,0,3026,12906108,22414,20875,406,0,0,0,0,12.1,0,0,0,35,10
13859,12907127,12884100,0,3026,12906108,22414,20875,406,0,0,0,0,12.1,0,0,0,35,10
13869,12907127,12884100,0,3026,12906108,22414,20875,406,0,0,0,0,12.1,0,0,0,35,10
13879,12907313,12884100,0,3212,12906108,22414,20875,406,0,0,0,0,12.3,0,0,0,35,10
13889,12907313,12884100,0,3212,12906108,22414,20875,406,0,0,0,0,12.3,0,0,0,35,10
13899,12907313,12884100,0,3212,12906108,22414,20875,406,0,0,0,0,12.3,0,0,0,35,10
13909,12907313,12884100,0,3212,12906108,22414,20875,406,0,0,0,0,12.3,0,0,0,35,11
13919,12907313,12884100,0,3212,12906108,22414,20875,406,0,0,0,0,12.3,0,0,0,35,11
13929,12907313,12884100,0,3212,12906108,22414,20875,406,0,0,0,0,12.3,0,0,0,37,11
13939,12907499,12884100,0,3398,12906108,22414,20875,406,0,0,0,0,12.5,0,0,0,37,11
13949,12907499,12884100,0,3398,12906108,22414,20875,406,0,0,0,0,12.5,0,0,0,37,11
13959,12907499,12884100,0,3398,12906108,22414,20875,406,0,0,0,0,12.5,0,0,0,37,11
13970,12907499,12884100,0,3398,12906108,22414,20875,406,0,0,0,0,12.5,0,0,0,37,11
13980,12907499,12884100,0,3398,12906108,22414,20875,406,0,0,0,0,12.5,0,0,0,37,11
13990,12907499,12884100,0,3398,12906108,22414,20875,406,0,0,0,0,12.5,0,0,0,37,11
14000,12907499,12884100,0,3398,12906108,22414,20875,406,0,0,0,0,12.5,0,0,0,37,12
14010,12907685,12884100,0,3584,12906108,22414,20875,406,0,0,0,0,12.7,0,0,0,37,12
14020,12907685,12884100,0,3584,12906108,22414,20875,406,0,0,0,0,12.7,0,0,0,37,12
14030,12907685,12884100,0,3584,12906108,22414,20875,406,0,0,0,0,12.7,0,0,0,39,12
14040,12907685,12884100,0,3584,12906108,22414,20875,406,0,0,0,0,12.7,0,0,0,39,12
14050,12907685,12884100,0,3584,12906108,22414,20875,406,0,0,0,0,12.7,0,0,0,39,12
14060,12907685,12884100,0,3584,12906108,22414,20875,406,0,0,0,0,12.7,0,0,0,39,12
14070,12907871,12884100,0,3770,12906108,22414,20875,406,0,0,0,0,12.9,0,0,0,39,12
14080,12907871,12884100,0,3770,12906108,22414,20875,406,0,0,0,0,12.9,0,0,0,39,12
14090,12907871,12884100,0,3770,12906108,22414,20875,406,0,0,0,0,12.9,0,0,0,40,13
14100,12907871,12884100,0,3770,12906108,22414,20875,406,0,0,0,0,12.9,0,0,0,41,13
14110,12907871,12884100,0,3770,12906108,22414,20875,406,0,0,0,0,12.9,0,0,0,41,13
14120,12907871,12884100,0,3770,12906108,22414,20875,406,0,0,0,0,12.5,0,0,0,41,13
14130,13046069,13002396,0,23672,13026636,25545,36003,24946,0,958759,2209787,61452233,34.7,0,0,3,41,13
14140,13344134,13300461,0,23672,13328452,30722,62880,27023,0,716889,1583775,2100949,38.9,0,0,3,41,13
14150,13662876,13619203,0,23672,13650945,35248,87587,27798,0,552314,1332347,1747503,38.7,0,0,3,41,13
14160,13977929,13934256,0,23672,13970152,40890,111426,29162,0,571013,1390180,2547353,37.4,0,0,3,41,13
14170,14170200,14146528,0,23672,14185794,45108,127881,29480,0,671429,1324465,1889097,36.0,0,0,3,41,13
14180,14180200,14156528,0,23672,14195811,45108,127881,29480,0,10938,14905,20441,36.0,0,0,3,41,13
14190,14190200,14166528,0,23672,14205795,45108,127881,29480,0,11014,16584,18298,36.0,0,0,3,41,13
14200,14200200,14176528,0,23672,14215794,45108,127881,29480,0,10756,16610,24746,35.9,0,0,3,41,13
14210,14210200,14186528,0,23672,14225795,45108,127881,29480,0,11161,16347,18005,35.5,0,0,3,41,13
14220,14220200,14196378,0,23672,14235787,45200,128047,29597,0,13140,1257143,1703934,35.3,0,0,3,41,13
14230,14230200,14206528,0,23672,14246019,45350,128147,29497,0,11708,366315,466529,35.3,0,0,3,41,13
14240,14240250,14216528,0,23672,14256036,45350,128147,29497,0,12193,18095,22564,34.8,0,0,3,41,13
14250,14250250,14226528,0,23672,14266036,45350,128147,29497,0,12241,16633,17905,34.2,0,0,3,41,13
14260,14260250,14236578,0,23672,14276079,45350,128147,29497,0,12566,18380,23716,34.2,0,0,3,41,13
14270,14270250,14246578,0,23672,14286087,45350,128147,29497,0,12463,24034,47577,32.8,0,0,3,41,13
14280,14280250,14256578,0,23672,14296060,45350,128147,29497,0,12193,20296,23750,32.8,0,0,3,41,13
14290,14290250,14266578,0,23672,14306070,45350,128147,29497,0,11742,18128,18624,32.8,0,0,3,41,13
14300,14300250,14276578,0,23672,14316086,45350,128147,29497,0,11595,18528,20535,32.8,0,0,3,41,13
14310,14310250,14286578,0,23672,14326070,45350,128147,29497,0,11569,19412,21420,32.8,0,0,3,41,13
14320,14320250,14296578,0,23672,14336061,45350,128147,29497,0,11683,18041,19802,32.8,0,0,3,41,13
14330,14330300,14306578,0,23672,14346095,45350,128147,29497,0,11754,18285,19434,32.8,0,0,3,41,13
14340,14340300,14316578,0,23672,14356078,45350,128147,29497,0,11901,18109,22962,32.8,0,0,3,41,13
14350,14350300,14326628,0,23672,14366119,45350,128147,29497,0,12675,18510,21473,32.8,0,0,3,41,13
14360,14360300,14336628,0,23672,14376136,45350,128147,29497,0,11745,20461,26342,32.8,0,0,3,41,13
14370,14370300,14346628,0,23672,14386137,45350,128147,29497,0,11729,18385,19873,32.8,0,0,3,41,13
14380,14380300,14356628,0,23672,14396111,45350,128147,29497,0,12548,19838,25576,32.8,0,0,3,41,13
14390,14390300,14366628,0,23672,14406120,45350,128147,29497,0,11983,19641,25727,32.8,0,0,3,41,13
14400,14400350,14376628,0,23672,14416128,45350,128147,29497,0,11598,17188,17633,31.9,0,0,3,41,13
14410,14410350,14386678,0,23672,14426170,45350,128147,29497,0,11355,18720,24779,32.5,0,0,4,42,13
14420,14420350,14396678,0,23672,14436178,45350,128147,29497,0,11942,17533,26086,32.3,0,0,4,42,13
14430,14430350,14406678,0,23672,14446187,45350,128147,29497,0,12100,18469,21112,32.3,0,0,4,42,13
14440,14440350,14416678,0,23672,14456186,45350,128147,29497,0,11923,18073,28762,32.3,0,0,4,42,13
14450,14450350,14426678,0,23672,14466186,45350,128147,29497,0,12393,17687,23665,32.3,0,0,4,42,13
14460,14460400,14436678,0,23672,14476170,45350,128147,29497,0,12107,17166,17319,32.3,0,0,4,42,13
14470,14470400,14446678,0,23672,14486170,45350,128147,29497,0,11607,17048,19201,32.3,0,0,4,42,13
14480,14480400,14456728,0,23672,14496228,45350,128147,29497,0,11775,17491,22499,32.3,0,0,4,42,13
14490,14490400,14466728,0,23672,14506236,45350,128147,29497,0,12567,16908,21797,32.3,0,0,4,42,13
14500,14500400,14476728,0,23672,14516237,45350,128147,29497,0,12407,16637,17487,12.4,0,0,4,42,13
14510,14510400,14486728,0,23672,14526244,45350,128147,29497,0,11322,16893,22132,12.4,0,0,4,42,13
14520,14520400,14496492,0,23672,14536144,45398,128698,29646,0,12409,1026325,1064777,13.9,0,0,4,42,13
14530,14530400,14506728,0,23672,14546555,45652,129273,29497,0,12905,975460,1125416,13.9,0,0,4,42,13
14540,14540450,14516728,0,23672,14556555,45652,129273,29497,0,12348,17683,23964,13.8,0,0,4,42,13
14550,14550450,14526728,0,23672,14566555,45652,129273,29497,0,13123,18914,20450,13.7,0,0,4,42,13
14560,14560450,14536778,0,23672,14576605,45652,129273,29497,0,12887,22155,54695,13.7,0,0,4,42,13
14570,14570450,14546778,0,23672,14586605,45652,129273,29497,0,12213,18252,20640,13.7,0,0,4,42,13
14580,14580450,14556778,0,23672,14596605,45652,129273,29497,0,12690,17134,20521,13.7,0,0,4,42,13
14590,14590450,14566778,0,23672,14606605,45652,129273,29497,0,11979,18826,20116,13.7,0,0,4,42,13
14600,14600450,14576778,0,23672,14616605,45652,129273,29497,0,12548,17785,25548,13.7,0,0,4,42,13
14610,14610450,14586778,0,23672,14626605,45652,129273,29497,0,12633,18235,26023,13.7,0,0,4,42,13
14620,14620500,14596778,0,23672,14636605,45652,129273,29497,0,13220,18015,25824,13.7,0,0,4,42,13
14630,14630500,14606778,0,23672,14646605,45652,129273,29497,0,12827,17900,22306,13.7,0,0,4,42,13
14640,14640500,14616778,0,23672,14656605,45652,129273,29497,0,12555,18796,23943,13.7,0,0,4,42,13
14650,14650500,14626828,0,23672,14666655,45652,129273,29497,0,12847,17881,24919,13.7,0,0,4,42,13
14660,14660500,14636828,0,23672,14676655,45652,129273,29497,0,12742,17698,24592,13.7,0,0,4,42,13
14670,14670500,14646828,0,23672,14686655,45652,129273,29497,0,12511,18135,20699,13.7,0,0,4,42,13
14680,14680500,14656828,0,23672,14696655,45652,129273,29497,0,12058,18956,21830,13.7,0,0,4,42,13
14690,14690500,14666828,0,23672,14706655,45652,129273,29497,0,12904,18349,26837,13.7,0,0,4,42,13
14700,14700550,14676828,0,23672,14716655,45652,129273,29497,0,12509,18062,22253,13.7,0,0,4,42,13
14710,14710550,14686828,0,23672,14726655,45652,129273,29497,0,12682,17748,20269,13.7,0,0,4,42,13
14720,14720550,14696878,0,23672,14736705,45652,129273,29497,0,13199,20604,22706,13.5,0,0,4,42,13
14730,14730550,14706878,0,23672,14746705,45652,129273,29497,0,13134,17079,21907,13.4,0,0,4,42,13
14740,14740550,14716878,0,23672,14756705,45652,129273,29497,0,12316,17861,19656,13.4,0,0,4,42,13
14750,14750550,14726878,0,23672,14766705,45652,129273,29497,0,12957,18999,24776,13.4,0,0,4,42,13
14760,14760600,14736878,0,23672,14776705,45652,129273,29497,0,12667,17653,22392,13.4,0,0,4,42,13
14770,14770600,14746878,0,23672,14786705,45652,129273,29497,0,12553,17912,24506,13.4,0,0,4,42,13
14780,14780600,14756928,0,23672,14796755,45652,129273,29497,0,12379,18499,22952,12.8,0,0,4,42,13
14790,14790600,14766928,0,23672,14806755,45652,129273,29497,0,13008,17367,18386,12.8,0,0,4,42,13
14800,14800600,14776928,0,23672,14816755,45652,129273,29497,0,12715,17662,23263,12.8,0,0,4,42,13
14810,14810600,14786928,0,23672,14826755,45652,129273,29497,0,12177,17161,24996,12.8,0,0,4,42,13
14820,14820600,14796928,0,23672,14836755,45652,129273,29497,0,13011,17130,17688,12.9,0,0,4,42,13
14830,14830600,14806928,0,23672,14846755,45652,129273,29497,0,12201,18965,26794,12.9,0,0,4,42,13
14840,14840600,14816928,0,23672,14856755,45652,129273,29497,0,12512,17419,17691,12.8,0,0,4,42,13
14850,14850650,14826978,0,23672,14866755,45652,129273,29497,0,12603,18318,28154,12.8,0,0,4,42,13
14860,14860650,14836978,0,23672,14876805,45652,129273,29497,0,13044,17294,19841,12.8,0,0,4,42,13
14870,14870650,14846978,0,23672,14886763,45652,129273,29497,0,12080,17732,28348,12.8,0,0,4,42,13
14880,14880650,14856978,0,23672,14896787,45652,129273,29497,0,12026,17914,18958,12.8,0,0,4,42,13
14890,14890650,14866978,0,23672,14906797,45652,129273,29497,0,13544,20468,28792,12.9,0,0,4,42,13
14900,14900650,14876978,0,23672,14916797,45652,129273,29497,0,13308,18386,19344,12.9,0,0,4,42,13
14910,14910700,14886978,0,23672,14926780,45652,129273,29497,0,12608,18877,22751,12.9,0,0,4,42,13
14920,14920700,14897028,0,23672,14936846,45652,129273,29497,0,12282,20733,26641,12.6,0,0,6,42,13
14930,14930700,14907028,0,23672,14946822,45652,129273,29497,0,12748,19013,26539,12.6,0,0,6,42,13
14940,14940700,14917028,0,23672,14956838,45652,129273,29497,0,11723,18205,19182,12.6,0,0,6,42,13
14950,14950700,14927028,0,23672,14966821,45652,129273,29497,0,11360,19142,24250,12.6,0,0,6,42,13
14960,14960700,14937028,0,23672,14976831,45652,129273,29497,0,12152,17380,18397,11.8,0,0,6,42,13
14970,14970700,14947028,0,23672,14986822,45652,129273,29497,0,11629,16896,19069,11.8,0,0,6,42,13
14980,14980750,14957028,0,23672,14996837,45652,129273,29497,0,12316,17955,25851,11.8,0,0,6,42,13
14990,14990750,14967078,0,23672,15006889,45652,129273,29497,0,12148,17645,26836,11.8,0,0,6,42,13
15000,15000750,14977078,0,23672,15016881,45652,129273,29497,0,12634,17739,17893,11.8,0,0,6,42,13
15010,15010750,14987078,0,23672,15026872,45652,129273,29497,0,11901,18661,23235,11.8,0,0,6,42,13
15020,15020750,14997078,0,23672,15036889,45652,129273,29497,0,12190,18455,20449,11.6,0,0,6,42,13
15030,15030750,15007078,0,23672,15046872,45652,129273,29497,0,13048,17253,28456,11.6,0,0,6,42,13
15040,15040800,15017078,0,23672,15056864,45652,129273,29497,0,11708,17361,18384,11.6,0,0,6,42,13
15050,15050800,15027128,0,23672,15066930,45652,129273,29497,0,12076,18326,24349,11.6,0,0,6,42,13
15060,15060800,15037128,0,23672,15076937,45652,129273,29497,0,13187,17586,25463,11.6,0,0,6,42,13
15070,15070800,15047128,0,23672,15086930,45652,129273,29497,0,12439,19170,31543,11.6,0,0,6,42,13
15080,15080800,15057128,0,23672,15096930,45652,129273,29497,0,11541,17918,31310,11.4,0,0,6,42,13
15090,15090800,15067128,0,23672,15106947,45652,129273,29497,0,12739,17813,26696,11.4,0,0,6,42,13
15100,15100850,15077128,0,23672,15116931,45652,129273,29497,0,12474,17098,17448,11.4,0,0,6,42,13
15110,15110850,15087128,0,23672,15126954,45652,129273,29497,0,11456,17258,31186,11.3,0,0,6,42,13
15120,15120850,15097178,0,23672,15137287,45934,129654,29497,0,13838,1372196,1611896,14.0,0,0,8,42,13
15130,15130850,15107178,0,23672,15147287,45934,129654,29497,0,13052,18714,22159,14.0,0,0,8,42,13
15140,15140850,15117178,0,23672,15157287,45934,129654,29497,0,13124,24055,29622,14.0,0,0,8,42,13
15150,15150850,15127178,0,23672,15167287,45934,129654,29497,0,13338,17932,20812,14.0,0,0,8,42,13
15160,15160850,15137178,0,23672,15177287,45934,129654,29497,0,13192,20072,32885,14.0,0,0,8,42,13
15170,15170900,15147178,0,23672,15187287,45934,129654,29497,0,12243,18058,19804,14.0,0,0,8,42,13
15180,15180900,15157228,0,23672,15197313,45934,129654,29497,0,12323,17866,18898,14.0,0,0,8,42,13
15190,15190900,15167228,0,23672,15207337,45934,129654,29497,0,12701,18177,25439,14.0,0,0,8,42,13
15200,15200900,15177228,0,23672,15217337,45934,129654,29497,0,12794,18385,21207,13.9,0,0,8,42,13
15210,15210900,15187228,0,23672,15227337,45934,129654,29497,0,12353,18328,26200,13.9,0,0,8,42,13
15220,15220900,15197228,0,23672,15237337,45934,129654,29497,0,13166,24310,24994,13.9,0,0,8,42,13
15230,15230900,15207228,0,23672,15247337,45934,129654,29497,0,12704,18115,19026,13.9,0,0,8,42,13
15240,15240950,15217228,0,23672,15257337,45934,129654,29497,0,12819,18682,19926,13.9,0,0,8,42,13
15250,15250950,15227228,0,23672,15267337,45934,129654,29497,0,13074,19016,22556,13.9,0,0,8,42,13
15260,15260950,15237278,0,23672,15277387,45934,129654,29497,0,12542,19101,23791,13.9,0,0,8,42,13
15270,15270950,15247278,0,23672,15287387,45934,129654,29497,0,12926,18692,19516,13.9,0,0,8,42,13
15280,15280950,15257278,0,23672,15297387,45934,129654,29497,0,12421,18101,24723,13.9,0,0,8,42,13
15291,15290950,15267278,0,23672,15307387,45934,129654,29497,0,12883,17210,21609,13.9,0,0,8,42,13
15301,15300950,15277278,0,23672,15317387,45934,129654,29497,0,12573,17515,27434,13.9,0,0,8,42,13
15311,15311000,15287278,0,23672,15327387,45934,129654,29497,0,12344,18740,24225,14.2,0,0,5,43,13
15321,15321000,15297328,0,23672,15337437,45934,129654,29497,0,13075,18477,29652,14.2,0,0,5,43,13
15331,15331000,15307328,0,23672,15347437,45934,129654,29497,0,13432,17735,18252,14.2,0,0,5,43,13
15341,15341000,15317328,0,23672,15357437,45934,129654,29497,0,12400,19806,20961,14.2,0,0,5,43,13
15351,15351000,15327328,0,23672,15367437,45934,129654,29497,0,13079,19272,22518,14.2,0,0,5,43,13
15361,15361000,15337328,0,23672,15377437,45934,129654,29497,0,13050,17313,24748,14.2,0,0,5,43,13
15371,15371000,15347328,0,23672,15387437,45934,129654,29497,0,13475,17688,28568,14.2,0,0,5,43,13
15381,15381000,15357328,0,23672,15397437,45934,129654,29497,0,12959,17791,18768,13.7,0,0,5,43,13
15391,15391050,15367328,0,23672,15407437,45934,129654,29497,0,13015,18875,27107,13.7,0,0,5,43,13
15401,15401050,15377378,0,23672,15417487,45934,129654,29497,0,13221,17374,22414,13.7,0,0,5,43,13
15411,15411050,15387378,0,23672,15427487,45934,129654,29497,0,13112,18746,32437,13.7,0,0,5,43,13
15421,15421050,15397378,0,23672,15437487,45934,129654,29497,0,13097,17754,20881,13.8,0,0,5,43,13
15431,15431050,15407378,0,23672,15447487,45934,129654,29497,0,12756,17807,25018,13.7,0,0,5,43,13
15441,15441050,15417378,0,23672,15457487,45934,129654,29497,0,13037,20456,22732,13.7,0,0,5,43,13
15451,15451100,15427378,0,23672,15467487,45934,129654,29497,0,12954,19621,22693,13.7,0,0,5,43,13
15461,15461100,15437378,0,23672,15477487,45934,129654,29497,0,13757,18696,25306,13.7,0,0,5,43,13
15471,15471100,15447378,0,23672,15487487,45934,129654,29497,0,12568,17558,19088,13.7,0,0,5,43,13
15481,15481100,15457428,0,23672,15497537,45934,129654,29497,0,12571,17550,25439,13.7,0,0,5,43,13
15491,15491100,15467428,0,23672,15507537,45934,129654,29497,0,13740,17988,23766,13.7,0,0,5,43,13
15501,15501100,15477428,0,23672,15517537,45934,129654,29497,0,13141,18279,22428,13.6,0,0,5,43,13
15511,15511100,15487428,0,23672,15527537,45934,129654,29497,0,13058,17467,23225,13.6,0,0,5,43,13
15521,15521100,15497428,0,23672,15537562,46000,129746,29514,0,12059,517807,915041,13.9,0,0,5,43,13
15531,15531150,15507428,0,23672,15547552,46000,129746,29514,0,13158,18174,31715,13.7,0,0,5,43,13
15541,15541150,15517428,0,23672,15557570,46000,129746,29514,0,13403,16659,21444,13.7,0,0,5,43,13
15551,15551150,15527478,0,23672,15567619,46000,129746,29514,0,13415,16692,24872,13.7,0,0,5,43,13
15561,15561150,15537478,0,23672,15577619,46000,129746,29514,0,13633,16631,22766,13.7,0,0,5,43,13
15571,15571150,15547478,0,23672,15587611,46000,129746,29514,0,11839,19146,24565,12.6,0,0,5,43,13
15581,15581200,15557478,0,23672,15597619,46000,129746,29514,0,13137,19973,23019,12.6,0,0,5,43,13
15591,15591200,15567478,0,23672,15607620,46000,129746,29514,0,12984,19201,20511,12.6,0,0,5,43,13
15601,15601200,15577528,0,23672,15617653,46000,129746,29514,0,12057,19497,24729,12.6,0,0,5,43,13
15611,15611200,15587528,0,23672,15627661,46000,129746,29514,0,12011,18350,22321,12.6,0,0,5,43,13
15621,15621200,15597528,0,23672,15637661,46000,129746,29514,0,12513,18549,19891,12.3,0,0,5,43,13
15631,15631200,15607528,0,23672,15647644,46000,129746,29514,0,13283,20825,26455,12.3,0,0,5,43,13
15641,15641200,15617528,0,23672,15657653,46000,129746,29514,0,13243,18417,24849,12.3,0,0,5,43,13
15651,15651250,15627528,0,23672,15667670,46000,129746,29514,0,13153,18961,22881,12.2,0,0,5,43,13
15661,15661250,15637578,0,23672,15677719,46000,129746,29514,0,12872,17381,24365,12.2,0,0,5,43,13
15671,15671250,15647578,0,23672,15687728,46000,129746,29514,0,12834,17167,18010,12.2,0,0,5,43,13
15681,15681250,15657578,0,23672,15697711,46000,129746,29514,0,12775,19143,24810,12.2,0,0,5,43,13
15691,15691250,15667578,0,23672,15707712,46000,129746,29514,0,12173,17667,27521,12.2,0,0,5,43,13
15701,15701250,15677578,0,23672,15717719,46000,129746,29514,0,12530,18306,23290,12.2,0,0,5,43,13
15711,15711300,15687578,0,23672,15727702,46000,129746,29514,0,12252,19480,29799,12.2,0,0,5,43,13
15721,15721300,15697578,0,23672,15737965,46237,130742,29522,0,14724,2161122,3157834,14.4,0,0,5,43,13
15731,15731300,15707628,0,23672,15748015,46237,130742,29522,0,12614,18609,22783,14.3,0,0,5,43,13
15741,15741300,15717628,0,23672,15758015,46237,130742,29522,0,13320,19666,23654,14.3,0,0,5,43,13
15751,15751300,15727628,0,23672,15768015,46237,130742,29522,0,13385,18844,29262,14.3,0,0,5,43,13
15761,15761300,15737628,0,23672,15778015,46237,130742,29522,0,12609,19416,26366,14.3,0,0,5,43,13
15771,15771300,15747628,0,23672,15788015,46237,130742,29522,0,12175,17894,21454,14.3,0,0,5,43,13
15781,15781350,15757628,0,23672,15798015,46237,130742,29522,0,12847,18054,27751,14.3,0,0,5,43,13
15791,15791350,15767628,0,23672,15808015,46237,130742,29522,0,12534,17471,17976,14.3,0,0,5,43,13
15801,15801350,15777628,0,23672,15818015,46237,130742,29522,0,12197,17890,18414,13.0,0,0,5,43,13
15811,15811350,15787678,0,23672,15828065,46237,130742,29522,0,12972,18582,25659,13.0,0,0,5,43,13
15821,15821350,15797678,0,23672,15838065,46237,130742,29522,0,13414,17663,26547,13.0,0,0,5,43,13
15831,15831350,15807678,0,23672,15848065,46237,130742,29522,0,12954,17604,18737,13.0,0,0,5,43,13
15841,15841350,15817678,0,23672,15858065,46237,130742,29522,0,12776,18370,18969,13.0,0,0,5,43,13
15851,15851400,15827678,0,23672,15868065,46237,130742,29522,0,13184,18308,21313,13.0,0,0,5,43,13
15861,15861400,15837678,0,23672,15878065,46237,130742,29522,0,13011,18767,21158,12.8,0,0,5,43,13
15871,15871400,15847728,0,23672,15888115,46237,130742,29522,0,12335,17365,20257,12.8,0,0,5,43,13
15881,15881400,15857728,0,23672,15898115,46237,130742,29522,0,12686,18291,27072,12.8,0,0,5,43,13
15891,15891400,15867728,0,23672,15908115,46237,130742,29522,0,13101,17538,22617,12.8,0,0,5,43,13
15901,15901400,15877728,0,23672,15918115,46237,130742,29522,0,12716,17680,28668,12.8,0,0,5,43,13
15911,15911400,15887728,0,23672,15928115,46237,130742,29522,0,12299,18248,20780,12.8,0,0,5,43,13
15921,15921450,15897728,0,23672,15938115,46237,130742,29522,0,13061,17768,18534,12.8,0,0,5,43,13
15931,15931450,15907728,0,23672,15948115,46237,130742,29522,0,12565,17985,19537,12.8,0,0,5,43,13
15941,15941450,15917778,0,23672,15958165,46237,130742,29522,0,12404,17505,18459,12.8,0,0,5,43,13
15951,15951450,15927778,0,23672,15968165,46237,130742,29522,0,13183,17177,18090,12.8,0,0,5,43,13
15961,15961450,15937778,0,23672,15978165,46237,130742,29522,0,12861,18233,25858,12.7,0,0,5,43,13
15971,15971450,15947778,0,23672,15988165,46237,130742,29522,0,12425,18484,25699,12.7,0,0,5,43,13
15981,15981499,15957778,0,23672,15998165,46237,130742,29522,0,12692,17109,28222,12.4,0,0,5,43,13
15991,15991500,15967778,0,23672,16008165,46237,130742,29522,0,12696,17238,25249,12.3,0,0,5,43,13
16001,16001500,15977828,0,23672,16018190,46237,130742,29522,0,13000,17719,21555,12.3,0,0,5,43,13
16011,16011500,15987828,0,23672,16028215,46237,130742,29522,0,12288,17279,27864,12.3,0,0,5,43,13
16021,16021500,15997828,0,23672,16038215,46237,130742,29522,0,12668,17647,18518,12.4,0,0,5,43,13
16031,16031500,16007828,0,23672,16048215,46237,130742,29522,0,13039,18108,25183,12.4,0,0,5,43,13
16041,16041500,16017828,0,23672,16058215,46237,130742,29522,0,12104,19134,27532,12.4,0,0,5,43,13
16051,16051500,16027828,0,23672,16068215,46237,130742,29522,0,12896,17822,23633,12.4,0,0,5,43,13
16061,16061550,16037828,0,23672,16078215,46237,130742,29522,0,13579,18757,21049,12.4,0,0,5,43,13
16071,16071550,16047828,0,23672,16088215,46237,130742,29522,0,12231,17663,24328,12.4,0,0,5,43,13
16081,16081550,16057878,0,23672,16098265,46237,130742,29522,0,12462,19154,21909,12.4,0,0,5,43,13
16091,16091550,16067878,0,23672,16108265,46237,130742,29522,0,13321,18532,24543,12.4,0,0,5,43,13
16101,16101550,16077878,0,23672,16118265,46237,130742,29522,0,12263,17209,18245,12.1,0,0,5,43,13
16111,16111550,16087878,0,23672,16128265,46237,130742,29522,0,12297,17731,34336,11.7,0,0,5,43,13
16121,16121600,16097878,0,23672,16138265,46237,130742,29522,0,13473,18278,25387,11.6,0,0,5,43,13
16131,16131600,16107878,0,23672,16148265,46237,130742,29522,0,13447,18239,25373,11.6,0,0,5,43,13
16141,16141600,16117928,0,23672,16158315,46237,130742,29522,0,12138,17140,18863,11.6,0,0,5,43,13
16151,16151600,16127928,0,23672,16168315,46237,130742,29522,0,13113,18216,18713,11.3,0,0,5,43,13
16161,16161600,16137928,0,23672,16178315,46237,130742,29522,0,13756,17966,18745,11.1,0,0,5,43,13
16171,16171600,16147928,0,23672,16185105,46237,130742,29522,0,11249,18720,44219,11.3,0,0,5,43,13
16181,16181600,16157928,0,23672,16190114,46237,130742,29522,0,13638,17612,19906,11.3,0,0,5,43,13
16191,16191650,16167928,0,23672,16195106,46237,130742,29522,0,14000,17542,18149,11.4,0,0,5,43,13
16201,16201650,16177928,0,23672,16200122,46237,130742,29522,0,13537,20554,25417,11.3,0,0,5,43,13
16211,16211650,16187978,0,23672,16228340,46237,130742,29522,0,12895,18430,19209,15.1,0,0,4,44,13
16221,16221650,16197978,0,23672,16238339,46237,130742,29522,0,12576,18711,28765,15.1,0,0,4,44,13
16231,16231650,16207978,0,23672,16248332,46237,130742,29522,0,12331,17592,18884,15.1,0,0,4,44,13
16241,16241650,16217978,0,23672,16258349,46237,130742,29522,0,11422,16814,27325,14.3,0,0,4,44,13
16251,16251650,16227978,0,23672,16268347,46237,130742,29522,0,11436,17022,17846,14.3,0,0,4,44,13
16261,16261650,16237978,0,23672,16278324,46237,130742,29522,0,11179,16409,24450,14.2,0,0,4,44,13
16271,16271650,16247978,0,23672,16288357,46237,130742,29522,0,10802,15858,16303,14.2,0,0,4,44,13
16281,16281700,16257978,0,23672,16298347,46237,130742,29522,0,11230,16631,24641,12.9,0,0,4,44,13
16291,16291700,16267978,0,23672,16308357,46237,130742,29522,0,12767,17760,22319,12.9,0,0,4,44,13
16301,16301700,16277978,0,23672,16318332,46237,130742,29522,0,12176,16494,17559,12.4,0,0,4,44,13
16311,16311700,16288028,0,23672,16329262,47092,131022,29530,0,11619,1469853,1618160,14.5,0,0,6,44,13
16321,16321700,16298028,0,23672,16339262,47092,131022,29530,0,12660,18891,20067,14.5,0,0,6,44,13
16331,16331700,16308028,0,23672,16349262,47092,131022,29530,0,12402,17335,20352,14.5,0,0,6,44,13
16341,16341700,16318028,0,23672,16359262,47092,131022,29530,0,12886,20334,28680,14.2,0,0,6,44,13
16351,16351750,16328028,0,23672,16369262,47092,131022,29530,0,12244,18610,23572,14.2,0,0,6,44,13
16361,16361750,16338028,0,23672,16379262,47092,131022,29530,0,12115,17320,23009,14.2,0,0,6,44,13
16371,16371750,16348078,0,23672,16389312,47092,131022,29530,0,12123,17805,23302,14.2,0,0,6,44,13
16381,16381750,16358078,0,23672,16399312,47092,131022,29530,0,11667,16834,18310,14.1,0,0,6,44,13
16391,16391750,16368078,0,23672,16409312,47092,131022,29530,0,12436,19733,24435,14.1,0,0,6,44,13
16401,16401750,16378078,0,23672,16419312,47092,131022,29530,0,12246,17828,25846,14.1,0,0,6,44,13
16411,16411750,16388078,0,23672,16429312,47092,131022,29530,0,11978,17710,23662,14.1,0,0,6,44,13
16421,16421750,16398078,0,23672,16439312,47092,131022,29530,0,12758,20332,28179,14.1,0,0,6,44,13
16431,16431750,16408078,0,23672,16449312,47092,131022,29530,0,13118,18020,26090,14.1,0,0,6,44,13
16441,16441800,16418078,0,23672,16459312,47092,131022,29530,0,12695,16793,17329,14.0,0,0,6,44,13
16451,16451800,16428078,0,23672,16469312,47092,131022,29530,0,12090,17982,18348,13.7,0,0,6,44,13
16461,16461800,16438128,0,23672,16479362,47092,131022,29530,0,12703,17077,25987,13.7,0,0,6,44,13
16471,16471800,16448128,0,23672,16489362,47092,131022,29530,0,12458,17652,25001,13.7,0,0,6,44,13
16481,16481800,16458128,0,23672,16499362,47092,131022,29530,0,12106,17261,20036,13.7,0,0,6,44,13
16491,16491800,16468128,0,23672,16509362,47092,131022,29530,0,12804,17060,22352,13.7,0,0,6,44,13
16501,16501800,16478128,0,23672,16519362,47092,131022,29530,0,13037,18471,26372,13.7,0,0,6,44,13
16511,16511800,16488128,0,23672,16529362,47092,131022,29530,0,12340,17738,25841,13.7,0,0,6,44,13
16521,16521850,16498128,0,23672,16539362,47092,131022,29530,0,12400,18115,18536,13.6,0,0,6,44,13
16531,16531850,16508128,0,23672,16549362,47092,131022,29530,0,12613,18162,20977,13.6,0,0,6,44,13
16541,16541850,16518128,0,23672,16559362,47092,131022,29530,0,12675,17008,17893,13.6,0,0,6,44,13
16551,16551850,16528178,0,23672,16569412,47092,131022,29530,0,12207,18168,21951,13.6,0,0,6,44,13
16561,16561850,16538178,0,23672,16579412,47092,131022,29530,0,13001,16787,18090,13.6,0,0,6,44,13
16571,16571850,16548178,0,23672,16589412,47092,131022,29530,0,12505,19154,19445,13.6,0,0,6,44,13
16581,16581850,16558178,0,23672,16599412,47092,131022,29530,0,12015,17407,17752,13.5,0,0,6,44,13
16591,16591899,16568178,0,23672,16609412,47092,131022,29530,0,12396,19005,26541,13.5,0,0,6,44,13
16601,16601900,16578178,0,23672,16619412,47092,131022,29530,0,13201,18213,19099,13.5,0,0,6,44,13
16611,16611900,16588178,0,23672,16629412,47092,131022,29530,0,12392,17462,20148,13.5,0,0,6,44,13
16621,16621900,16598228,0,23672,16639462,47092,131022,29530,0,12049,20150,21868,13.5,0,0,6,44,13
16631,16631900,16608228,0,23672,16649462,47092,131022,29530,0,13138,18063,20387,13.5,0,0,6,44,13
16641,16641900,16618228,0,23672,16659462,47092,131022,29530,0,13063,19227,23251,13.5,0,0,6,44,13
16651,16651900,16628228,0,23672,16669462,47092,131022,29530,0,11908,16833,18088,13.5,0,0,6,44,13
16661,16661900,16638228,0,23672,16679462,47092,131022,29530,0,12340,17461,28908,11.6,0,0,6,44,13
16671,16671900,16648228,0,23672,16689462,47092,131022,29530,0,13475,17996,21201,11.5,0,0,6,44,13
16681,16681950,16658228,0,23672,16699462,47092,131022,29530,0,12640,18233,23817,11.4,0,0,6,44,13
16691,16691950,16668228,0,23672,16709462,47092,131022,29530,0,12901,17403,19548,11.4,0,0,6,44,13
16701,16701950,16678228,0,23672,16719462,47092,131022,29530,0,12485,17469,19323,11.0,0,0,6,44,13
16711,16711950,16688228,0,23672,16729462,47092,131022,29530,0,12902,16953,18744,11.0,0,0,6,44,13
16721,16721950,16698278,0,23672,16739512,47092,131022,29530,0,12018,16634,17293,11.0,0,0,6,44,13
16731,16731950,16708278,0,23672,16749512,47092,131022,29530,0,13016,17538,26435,11.0,0,0,6,44,13
16741,16741950,16718278,0,23672,16759512,47092,131022,29530,0,13126,17867,24307,11.0,0,0,6,44,13
16752,16751950,16728278,0,23672,16769512,47092,131022,29530,0,12081,17273,22866,11.0,0,0,6,44,13
16762,16761950,16738278,0,23672,16779512,47092,131022,29530,0,12839,17162,18876,11.0,0,0,6,44,13
16772,16772000,16748328,0,23672,16789512,47092,131022,29530,0,13050,17435,26857,11.0,0,0,6,44,13
16782,16782000,16758328,0,23672,16799512,47092,131022,29530,0,12117,16616,27667,11.0,0,0,6,44,13
16792,16792000,16768328,0,23672,16809562,47092,131022,29530,0,12361,17760,20209,11.0,0,0,6,44,13
16802,16802000,16778328,0,23672,16819562,47092,131022,29530,0,12554,17533,29661,11.1,0,0,6,44,13
16812,16812000,16788178,0,23672,16829412,47092,131022,29530,0,12687,18236,23934,11.4,0,0,6,44,13
16822,16822000,16798328,0,23672,16839937,47500,131797,29530,0,11293,1211535,1510111,13.0,0,0,6,44,13
16832,16832000,16808328,0,23672,16849945,47500,131797,29530,0,12481,18613,29638,12.9,0,0,6,44,13
16842,16842050,16818328,0,23672,16859945,47500,131797,29530,0,12482,17459,18158,12.9,0,0,6,44,13
16852,16852050,16828378,0,23672,16870011,47500,131797,29530,0,11523,18956,25612,12.9,0,0,6,44,13
16862,16862050,16838378,0,23672,16879995,47500,131797,29530,0,12495,21795,27939,12.9,0,0,6,44,13
16872,16872050,16848378,0,23672,16889979,47500,131797,29530,0,11952,16701,27438,12.9,0,0,6,44,13
16882,16882100,16858378,0,23672,16900012,47500,131797,29530,0,11429,17361,20087,12.5,0,0,6,44,13
16892,16892100,16868428,0,23672,16910036,47500,131797,29530,0,11361,18928,24691,12.5,0,0,6,44,13
16902,16902100,16878428,0,23672,16920044,47500,131797,29530,0,11142,17051,21357,12.5,0,0,6,44,13
16912,16912100,16888428,0,23672,16930104,47542,132277,29538,0,12898,913859,1033860,13.4,0,0,6,44,13
16922,16922100,16898428,0,23672,16940104,47542,132277,29538,0,12557,18532,28757,13.3,0,0,6,44,13
16932,16932100,16908428,0,23672,16950104,47542,132277,29538,0,12489,17810,18184,13.3,0,0,6,44,13
16942,16942100,16918428,0,23672,16960104,47542,132277,29538,0,12639,17760,30222,13.3,0,0,6,44,13
16952,16952100,16928428,0,23672,16970104,47542,132277,29538,0,12483,17355,18828,13.3,0,0,6,44,13
16962,16962150,16938428,0,23672,16980104,47542,132277,29538,0,12252,19381,24479,13.3,0,0,6,44,13
16972,16972150,16948428,0,23672,16990104,47542,132277,29538,0,12345,17537,18502,13.3,0,0,6,44,13
16982,16982150,16958478,0,23672,17000154,47542,132277,29538,0,12439,17318,25809,13.3,0,0,6,44,13
16992,16992150,16968478,0,23672,17010154,47542,132277,29538,0,12306,20739,21386,13.3,0,0,6,44,13
17002,17002150,16978478,0,23672,17020154,47542,132277,29538,0,12378,18145,19978,13.3,0,0,6,44,13
17012,17012150,16988478,0,23672,17030154,47542,132277,29538,0,12205,17848,24030,13.3,0,0,6,44,13
17022,17022150,16998478,0,23672,17040154,47542,132277,29538,0,12305,18297,24862,13.3,0,0,6,44,13
17032,17032150,17008478,0,23672,17050154,47542,132277,29538,0,12760,17423,17872,13.3,0,0,6,44,13
17042,17042200,17018478,0,23672,17060154,47542,132277,29538,0,12294,18169,28819,13.3,0,0,6,44,13
17052,17052200,17028528,0,23672,17070204,47542,132277,29538,0,12934,17874,22417,13.3,0,0,6,44,13
17062,17062200,17038528,0,23672,17080204,47542,132277,29538,0,12132,17522,18202,13.3,0,0,6,44,13
17072,17072200,17048528,0,23672,17090204,47542,132277,29538,0,12522,18025,23028,13.3,0,0,6,44,13
17082,17082200,17058528,0,23672,17100204,47542,132277,29538,0,12363,17922,25380,12.1,0,0,6,44,13
17092,17092200,17068528,0,23672,17110204,47542,132277,29538,0,12232,17538,17832,12.0,0,0,6,44,13
17102,17102250,17078528,0,23672,17120204,47542,132277,29538,0,12484,17941,21515,12.0,0,0,6,44,13
17112,17112250,17088578,0,23672,17130254,47542,132277,29538,0,12492,17028,17723,12.2,0,0,4,45,13
17122,17122250,17098578,0,23672,17140254,47542,132277,29538,0,12176,19195,25873,12.2,0,0,4,45,13
17132,17132250,17108578,0,23672,17150254,47542,132277,29538,0,12671,17111,17401,12.2,0,0,4,45,13
17142,17142250,17118578,0,23672,17160254,47542,132277,29538,0,12438,18223,23506,12.2,0,0,4,45,13
17152,17152250,17128578,0,23672,17170254,47542,132277,29538,0,12267,17651,26316,12.2,0,0,4,45,13
17162,17162250,17138578,0,23672,17180254,47542,132277,29538,0,12425,17556,19008,12.2,0,0,4,45,13
17172,17172250,17148578,0,23672,17190254,47542,132277,29538,0,12019,17155,18236,12.2,0,0,4,45,13
17182,17182300,17158578,0,23672,17200254,47542,132277,29538,0,12057,16788,22992,12.2,0,0,4,45,13
17192,17192300,17168578,0,23672,17210254,47542,132277,29538,0,12378,17387,22607,12.2,0,0,4,45,13
17202,17202300,17178628,0,23672,17220304,47542,132277,29538,0,12307,17452,21296,12.2,0,0,4,45,13
17212,17212300,17188628,0,23672,17230304,47542,132277,29538,0,12305,17684,25817,12.3,0,0,4,45,13
17222,17222300,17198628,0,23672,17240304,47542,132277,29538,0,11756,16602,16741,12.2,0,0,4,45,13
17232,17232300,17208628,0,23672,17250304,47542,132277,29538,0,12279,17168,17829,12.2,0,0,4,45,13
17242,17242300,17218628,0,23672,17260304,47542,132277,29538,0,12462,17239,26673,11.7,0,0,4,45,13
17252,17252350,17228628,0,23672,17270304,47542,132277,29538,0,12966,17330,18109,11.7,0,0,4,45,13
17262,17262350,17238678,0,23672,17280328,47542,132277,29538,0,12162,20339,28117,11.7,0,0,4,45,13
17272,17272350,17248678,0,23672,17290304,47542,132277,29538,0,12034,17319,18613,11.7,0,0,4,45,13
17282,17282350,17258678,0,23672,17300354,47542,132277,29538,0,12126,18668,27054,11.4,0,0,4,45,13
17292,17292350,17268678,0,23672,17310354,47542,132277,29538,0,12336,17332,21331,11.4,0,0,4,45,13
17302,17302350,17278678,0,23672,17320354,47542,132277,29538,0,12543,18137,18630,11.4,0,0,4,45,13
17312,17312350,17288678,0,23672,17330354,47542,132277,29538,0,12681,17636,26902,11.4,0,0,4,45,13
17322,17322400,17298678,0,23672,17340354,47542,132277,29538,0,12364,17547,20117,11.4,0,0,4,45,13
17332,17332400,17308728,0,23672,17350404,47542,132277,29538,0,12064,18508,21250,11.4,0,0,4,45,13
17342,17342400,17318728,0,23672,17360404,47542,132277,29538,0,12352,18140,20503,11.4,0,0,4,45,13
17352,17352400,17328728,0,23672,17370404,47542,132277,29538,0,12747,17866,23304,11.4,0,0,4,45,13
17362,17362400,17338728,0,23672,17380404,47542,132277,29538,0,12263,16840,17452,11.4,0,0,4,45,13
17372,17372400,17348728,0,23672,17390404,47542,132277,29538,0,12310,17313,21998,11.4,0,0,4,45,13
17382,17382400,17358728,0,23672,17400404,47542,132277,29538,0,12245,17241,28828,11.4,0,0,4,45,13
17392,17392450,17368728,0,23672,17410404,47542,132277,29538,0,12570,17434,27052,11.4,0,0,4,45,13
17402,17402450,17378728,0,23672,17420404,47542,132277,29538,0,12817,17240,22112,11.1,0,0,4,45,13
17412,17412450,17388778,0,23672,17430454,47542,132277,29538,0,12383,21359,26175,11.2,0,0,4,45,13
17422,17422450,17398778,0,23672,17440454,47542,132277,29538,0,12404,17467,25829,11.2,0,0,4,45,13
17432,17432450,17408778,0,23672,17450454,47542,132277,29538,0,12299,17410,18094,11.2,0,0,4,45,13
17442,17442450,17418778,0,23672,17460454,47542,132277,29538,0,12488,17534,19523,11.2,0,0,4,45,13
17452,17452450,17428778,0,23672,17470454,47542,132277,29538,0,12746,17682,25419,11.2,0,0,4,45,13
17462,17462500,17438728,0,23672,17480340,47970,132685,29547,0,12250,1005101,1552816,13.0,0,0,4,45,13
17472,17472500,17448778,0,23672,17485357,47986,132694,29538,0,11932,19422,152985,13.0,0,0,4,45,13
17482,17482500,17458828,0,23672,17490382,47986,132694,29538,0,13287,19449,26426,13.0,0,0,4,45,13
17492,17492500,17468828,0,23672,17495381,47986,132694,29538,0,13875,19639,25580,13.0,0,0,4,45,13
17502,17502500,17478828,0,23672,17500390,47986,132694,29538,0,13121,18016,19272,13.0,0,0,4,45,13
17512,17512500,17488828,0,23672,17505382,47986,132694,29538,0,11871,19827,24070,13.0,0,0,4,45,13
17522,17522500,17498828,0,23672,17540994,48065,132808,29538,0,12560,18826,24132,17.9,0,0,6,45,13
17532,17532550,17508828,0,23672,17551001,48065,132808,29538,0,11652,17195,22680,17.9,0,0,6,45,13
17542,17542550,17518828,0,23672,17561003,48065,132808,29538,0,12299,17273,18865,17.9,0,0,6,45,13
17552,17552550,17528878,0,23672,17571053,48065,132808,29538,0,12053,17528,24204,17.9,0,0,6,45,13
17562,17562550,17538878,0,23672,17581060,48065,132808,29538,0,12166,18046,21017,15.8,0,0,6,45,13
17572,17572550,17548878,0,23672,17591034,48065,132808,29538,0,12195,17058,17769,15.8,0,0,6,45,13
17582,17582550,17558878,0,23672,17601061,48065,132808,29538,0,12942,16515,17102,15.8,0,0,6,45,13
17592,17592550,17568878,0,23672,17611060,48065,132808,29538,0,12483,17188,32189,15.8,0,0,6,45,13
17602,17602600,17578878,0,23672,17621034,48065,132808,29538,0,12035,18547,20861,15.8,0,0,6,45,13
17612,17612600,17588928,0,23672,17631109,48065,132808,29538,0,13111,16993,18150,15.8,0,0,6,45,13
17622,17622600,17598928,0,23672,17641111,48065,132808,29538,0,12748,17310,19418,15.6,0,0,6,45,13
17632,17632600,17608928,0,23672,17651076,48065,132808,29538,0,11911,17400,23795,15.6,0,0,6,45,13
17642,17642650,17618928,0,23672,17661093,48065,132808,29538,0,12358,17017,24387,15.5,0,0,6,45,13
17652,17652650,17628978,0,23672,17671161,48065,132808,29538,0,12785,17041,18023,15.5,0,0,6,45,13
17662,17662650,17638978,0,23672,17681152,48065,132808,29538,0,11601,17803,19070,15.0,0,0,6,45,13
17672,17672650,17648978,0,23672,17691144,48065,132808,29538,0,11826,18530,20765,15.0,0,0,6,45,13
17682,17682650,17658978,0,23672,17701151,48065,132808,29538,0,12387,17680,20947,15.0,0,0,6,45,13
17692,17692650,17668978,0,23672,17711169,48065,132808,29538,0,11938,17434,25784,13.6,0,0,6,45,13
17702,17702700,17678978,0,23672,17721144,48065,132808,29538,0,12336,17521,33294,13.6,0,0,6,45,13
17712,17712700,17689028,0,23672,17731202,48065,132808,29538,0,12491,17582,32901,13.5,0,0,6,45,13
17722,17722700,17699028,0,23672,17741202,48065,132808,29538,0,12101,18242,18398,13.5,0,0,6,45,13
17732,17732700,17709028,0,23672,17751210,48065,132808,29538,0,11789,17389,22647,13.5,0,0,6,45,13
17742,17742700,17719028,0,23672,17761185,48065,132808,29538,0,12654,16957,17657,13.5,0,0,6,45,13
17752,17752750,17729028,0,23672,17771219,48065,132808,29538,0,12833,18183,19889,13.5,0,0,6,45,13
17762,17762750,17739028,0,23672,17781202,48065,132808,29538,0,11796,18075,21226,13.6,0,0,6,45,13
17772,17772750,17749078,0,23672,17791237,48065,132808,29538,0,12042,18809,20057,13.5,0,0,6,45,13
17782,17782750,17759078,0,23672,17801269,48065,132808,29538,0,12392,17522,20161,13.0,0,0,6,45,13
17792,17792750,17769078,0,23672,17811243,48065,132808,29538,0,12462,18460,22959,13.0,0,0,6,45,13
17802,17802750,17779078,0,23672,17820448,48268,132858,29618,0,13648,1457145,1536649,15.0,0,0,6,45,13
17812,17812800,17789078,0,23672,17831623,48411,132938,29538,0,12174,16596,17215,15.2,0,0,8,45,13
17822,17822800,17799078,0,23672,17841623,48411,132938,29538,0,12780,18463,21508,15.2,0,0,8,45,13
17832,17832800,17809128,0,23672,17851673,48411,132938,29538,0,12636,18124,19388,15.2,0,0,8,45,13
17842,17842800,17819128,0,23672,17861673,48411,132938,29538,0,13058,18307,27004,14.8,0,0,8,45,13
17852,17852800,17829128,0,23672,17871673,48411,132938,29538,0,12342,18663,20194,14.8,0,0,8,45,13
17862,17862800,17839128,0,23672,17881673,48411,132938,29538,0,12629,17413,18106,14.8,0,0,8,45,13
17872,17872800,17849128,0,23672,17891673,48411,132938,29538,0,11604,18352,18687,14.8,0,0,8,45,13
17882,17882800,17859128,0,23672,17901673,48411,132938,29538,0,12978,17285,28728,14.8,0,0,8,45,13
17892,17892850,17869128,0,23672,17911673,48411,132938,29538,0,12629,17039,18547,14.8,0,0,8,45,13
17902,17902850,17879178,0,23672,17921697,48411,132938,29538,0,12357,19039,22864,14.8,0,0,8,45,13
17912,17912850,17889178,0,23672,17931723,48411,132938,29538,0,13019,18233,18679,14.8,0,0,8,45,13
17922,17922850,17899178,0,23672,17941723,48411,132938,29538,0,12405,17078,18131,14.2,0,0,8,45,13
17932,17932850,17909178,0,23672,17951723,48411,132938,29538,0,12071,18395,19007,14.2,0,0,8,45,13
17942,17942850,17919178,0,23672,17961723,48411,132938,29538,0,12645,18821,27824,14.2,0,0,8,45,13
17952,17952900,17929178,0,23672,17971723,48411,132938,29538,0,12825,17264,25949,14.2,0,0,8,45,13
17962,17962900,17939178,0,23672,17981723,48411,132938,29538,0,12190,18654,19895,14.1,0,0,8,45,13
17972,17972900,17949228,0,23672,17991773,48411,132938,29538,0,12301,17867,28940,14.1,0,0,8,45,13
17982,17982900,17959228,0,23672,18001782,48428,133171,29546,0,13168,122275,207619,13.2,0,0,8,45,13
17992,17992900,17969228,0,23672,18012403,49057,133689,29554,0,12714,1603878,1854084,13.1,0,0,8,45,13
18002,18000000,17976328,0,23672,18019503,49057,133689,29554,0,12389,17620,22229,13.2,0,0,8,45,13
